fecha,PC1,PC2,PC3,PC1_mm12_centrada,PC1_mm12_causal,PC2_mm12_centrada,PC2_mm12_causal,PC3_mm12_centrada,PC3_mm12_causal,PC1_mm24_centrada,PC1_mm24_causal,PC2_mm24_centrada,PC2_mm24_causal,PC3_mm24_centrada,PC3_mm24_causal,PC1_mm36_centrada,PC1_mm36_causal,PC2_mm36_centrada,PC2_mm36_causal,PC3_mm36_centrada,PC3_mm36_causal,PC1_mm60_centrada,PC1_mm60_causal,PC2_mm60_centrada,PC2_mm60_causal,PC3_mm60_centrada,PC3_mm60_causal
2007-02-01,-1.329366753215271,1.3766534182381984,-0.252426025758804,,,,,,,,,,,,,,,,,,,,,,,,
2007-03-01,-2.614329224247275,2.6375396013784584,1.6775506586444346,,,,,,,,,,,,,,,,,,,,,,,,
2007-04-01,-4.011360905184817,2.1653594093633237,0.3715130246437224,,,,,,,,,,,,,,,,,,,,,,,,
2007-05-01,-1.0451908631170113,1.9283616683036993,0.9830691861872215,,,,,,,,,,,,,,,,,,,,,,,,
2007-06-01,-1.124275503132202,1.8179633562151256,0.8666448551268091,,,,,,,,,,,,,,,,,,,,,,,,
2007-07-01,-0.42842007962799483,3.2232212804309386,0.48893420647430685,,,,,,,,,,,,,,,,,,,,,,,,
2007-08-01,1.848511357293564,-0.7161833949670269,1.5917750358821847,-0.7201909420695741,,1.4346206392928662,,0.9674572736438426,,,,,,,,,,,,,,,,,,,
2007-09-01,0.6364209000873221,1.7243084451723343,0.4435410685877026,-0.7695118522430787,,1.6622248251370173,,1.0051765336720266,,,,,,,,,,,,,,,,,,,
2007-10-01,-1.7878166339466013,2.8139143398751925,-0.15064059845935038,-0.5082508793468992,,1.6308719784945513,,0.8874319627071867,,,,,,,,,,,,,,,,,,,
2007-11-01,1.2146925523176797,-0.07894370345741898,3.712934578338324,-0.3499769801630708,,1.7327588783099237,,0.8660656638075532,,,,,,,,,,,,,,,,,,,
2007-12-01,-2.1255784247187517,1.719825867104246,2.9000313720084563,-0.190513869288057,,1.6668404516736184,,0.8271765797954979,,,,,,,,,,,,,,,,,,,
2008-01-01,2.1244222726564668,-1.3965726161426755,-1.0234400779488977,0.05804603576042542,-0.7201909420695741,1.6815742729322158,1.4346206392928662,0.9357956448201783,0.9674572736438426,,,,,,,,,,,,,,,,,,
2008-02-01,-1.921217675297324,4.10790364836801,0.20020509457940433,0.4262806775514949,-0.7695118522430787,1.3141725111771152,1.6622248251370173,1.0538177960820316,1.0051765336720266,0.4499915768366612,,1.0189922880374882,,1.2933861435332876,,,,,,,,,,,,,
2008-03-01,0.5208024505068776,2.2613054416688665,0.2646158070663561,0.43779352465429655,-0.5082508793468992,1.495783570830725,1.6308719784945513,0.9470975721574263,0.8874319627071867,0.5137645128873254,,0.9283739133730019,,1.277246894633982,,,,,,,,,,,,,
2008-04-01,-2.112074114978877,3.3880022071477924,0.11511743784811983,0.8163855958672981,-0.3499769801630708,1.3101630189236169,1.7327588783099237,1.109806380415513,0.8660656638075532,0.47194942684717195,,0.8238724784726199,,1.1177498187122712,,,,,,,,,,,,,
2008-05-01,0.8683664673831554,1.1373405486680364,0.5164001780425582,1.7403508840041255,-0.190513869288057,0.6358714179364732,1.6668404516736184,1.7935256732934703,0.8271765797954979,0.4535284038207936,,0.5884513258066763,,1.0503966686459318,,,,,,,,,,,,,
2008-06-01,1.858443357449587,1.9947692113182958,2.1700736354229746,1.6463274016870686,0.05804603576042542,0.6678087656047197,1.6815742729322158,1.5186868871982364,0.9357956448201783,0.14029696688731086,,0.4015969984218239,,0.9684002424918483,,,,,,,,,,,,,
2008-07-01,3.9903956218648386,-1.1855998606302693,1.9052000216165452,1.6725635882736347,0.4262806775514949,0.6071551291260452,1.3141725111771152,1.7232926846139671,1.0538177960820316,-0.000678100711948367,,0.1254998377198382,,0.9215421772826092,,,,,,,,,,,,,
2008-08-01,1.9866655225271843,1.4631493208762918,0.3111323487869221,1.6201740957428967,0.43779352465429655,0.6033639367821101,1.495783570830725,1.6193150134227332,0.9470975721574263,-0.21387542249115968,,-0.14128638014595926,,0.9547951252140043,,-0.7667937546678366,,0.17403224911281334,,0.7736895806712769,,,,,,,
2008-09-01,5.179525754643341,-0.5031381777129651,2.3960467676847412,1.7970408780177294,0.8163855958672981,0.19452300160898658,1.3101630189236169,1.5493172555959376,1.109806380415513,-0.46013526524981474,,-0.264200038723352,,0.8622694707207815,,-0.7289371446372378,,0.13190494796975252,,0.7978924063006123,,,,,,,
2008-10-01,9.299766823695327,-5.277584871970533,8.053990916076136,1.452149733041243,1.7403508840041255,0.016872978450688452,0.6358714179364732,1.348067674717356,1.7935256732934703,-0.5877400837409414,,-0.3229154926620835,,0.7921997134655668,,-0.7339083405831599,,0.11946968684587968,,0.780478959516926,,,,,,,
2008-11-01,0.08641076451299633,0.30430446856153964,0.4148691451955182,1.2570337878046582,1.6463274016870686,-0.555856226696571,0.6678087656047197,1.2347276734843105,1.5186868871982364,-0.5949150562235349,,-0.4497418670897095,,0.8321495193212648,,-0.638969122969463,,0.06398596588572819,,0.7741804939723892,,,,,,,
2008-12-01,-1.8107441856799535,0.9919822293601525,5.355300940997225,0.4711078030626788,1.6725635882736347,-0.8636464548299706,0.6071551291260452,1.1096239051881989,1.7232926846139671,-0.7225640009239492,,-0.42487743674174644,,0.7416369785863249,,-0.5550281838966884,,0.019716204648063725,,0.8249604700730379,,,,,,,
2009-01-01,1.495748362287608,-1.4420669242698976,-2.271172132243706,-0.05940223718432206,1.6201740957428967,-1.4305745974925397,0.6033639367821101,0.9072887097450401,1.6193150134227332,-0.7084610395727644,0.4499915768366612,-0.44528999937191815,1.0189922880374882,0.6734984988769055,1.2933861435332876,-0.5031200072484734,,-0.00364833844061812,,0.8123108411702794,,,,,,,
2009-02-01,0.2011837120006674,-0.798187573709471,-0.6397679993421403,-0.8540315225338141,1.7970408780177294,-1.596745271469034,0.19452300160898658,0.8557724543459772,1.5493172555959376,-0.7900951609669679,0.5137645128873254,-0.4562619459772131,0.9283739133730019,0.6768057341849941,1.277246894633982,-0.5466069809684513,,-0.03753090584231219,,0.8216018965491828,,,,,,,
2009-03-01,-3.617891289210958,0.1295051637692888,-2.1503791634766243,-1.3580640551539258,1.452149733041243,-2.0241836482774294,0.016872978450688452,0.777441369284137,1.348067674717356,-0.7086497908343173,0.47194942684717195,-0.6332549906138798,0.8238724784726199,0.6942503426149053,1.1177498187122712,-0.5463822705798459,,0.1384718602758507,,0.7032909975977326,,,,,,,
2009-04-01,-4.453465457817894,-3.484748254619321,-1.2449625769484238,-1.9918657633491808,1.2570337878046582,-1.955994004247784,-0.555856226696571,0.4745930465156211,1.2347276734843105,-0.8467370712012902,0.4535284038207936,-0.6362314589784561,0.5884513258066763,0.7270024579217957,1.0503966686459318,-0.567569857004642,,0.18591624804265505,,0.6434961760599012,,,,,,,
2009-05-01,-8.562745349520599,-2.556142188932759,-0.9848450415107818,-2.9301809964511953,0.4711078030626788,-1.5353551521158921,-0.8636464548299706,-0.1292266346509403,1.1096239051881989,-0.783465194372659,0.14029696688731086,-0.7704004903263696,0.4015969984218239,0.7282379090548073,0.9684002424918483,-0.5480081234020334,,0.1656308158528924,,0.6423001239472912,,,,,,,
2009-06-01,-4.507677125514423,-4.808368500632532,-0.25794870989493035,-3.091455403534967,-0.05940223718432206,-1.5175636390882123,-1.4305745974925397,-0.035412930025586466,0.9072887097450401,-0.7372853412010039,-0.000678100711948367,-0.8038459188647136,0.1254998377198382,0.823852415211808,0.9215421772826092,-0.6117001371867337,,0.20241076135739977,,0.5579551856615972,,,,,,,
2009-07-01,-5.545155802329067,-3.1796479483482,1.2870049568277904,-3.0894856674191633,-0.8540315225338141,-1.4977351278698816,-1.596745271469034,-0.3762956868601559,0.8557724543459772,-0.7837030287529227,-0.21387542249115968,-0.8462596441270351,-0.14128638014595926,0.7505684393453299,0.9547951252140043,-0.6283435739189305,,0.2200473698938853,,0.5197948869950029,,,,,,,
2009-08-01,-4.0617248689141565,-3.6661112008244525,-0.628840671955161,-3.2003644176768327,-1.3580640551539258,-1.5158878287365365,-2.0241836482774294,-0.2657035450527446,0.777441369284137,-1.0330508102284242,-0.46013526524981474,-0.7133826143520259,-0.264200038723352,0.7054939467827585,0.8622694707207815,-0.6128396742381229,,0.2539024235183145,,0.5134684235419444,,-0.40337871906771033,,0.6016705079691401,,0.6198680331621638,
2009-09-01,-2.426094743699718,0.31513755064277765,-1.2381331055374492,-3.2143404596863636,-1.9918657633491808,-1.4610329828367465,-1.955994004247784,-0.1608165703661271,0.4745930465156211,-1.0384701681969173,-0.5877400837409414,-0.5401839950015866,-0.3229154926620835,0.5813877103178857,0.7921997134655668,-0.5322958952142659,,0.17406903885864353,,0.507700505499333,,-0.3947371480783971,,0.5913477772116681,,0.6070342676940671,
2009-10-01,-1.9600159735288447,-0.22991864638783038,0.8081547420773996,-3.145623875443823,-2.9301809964511953,-1.2893358964076007,-1.5353551521158921,0.10593724112623541,-0.1292266346509403,-1.2595475834406122,-0.5949150562235349,-0.3762071373978259,-0.4497418670897095,0.41034107388209534,0.8321495193212648,-0.5123175349454713,,0.16957747394043507,,0.5665201656520972,,-0.36276800333298553,,0.5838482186034902,,0.5852399724909138,
2009-11-01,-1.8488821204922663,0.5178026248936954,1.5406336006997643,-2.8239641765499766,-3.091455403534967,-0.9849447539561682,-1.5175636390882123,0.2217481446253041,-0.035412930025586466,-1.692187627105113,-0.7225640009239492,-0.06948948518889787,-0.42487743674174644,0.06668734927420182,0.7416369785863249,-0.371777295543934,,0.08621136213672921,,0.6427849066681264,,-0.295245129365074,,0.5502087307323277,,0.5849558902177946,
2009-12-01,-1.7871073522903154,1.2299243639801214,1.2647078589823917,-1.945678485464687,-3.0894856674191633,-0.7440453828994565,-1.4977351278698816,0.5380809252354171,-0.3762956868601559,-1.7407139066236346,-0.7084610395727644,-0.030288240766260178,-0.44528999937191815,0.07758933489327759,0.6734984988769055,-0.36745281237736793,,0.10507190348485347,,0.6188045928099588,,-0.25844710163681606,,0.519616316926757,,0.5883553102370385,
2010-01-01,0.16520335919558535,-1.6598993346697537,-0.9440664305547709,-1.5080038203215234,-3.2003644176768327,-0.26194469076153076,-1.5158878287365365,0.5938481689456198,-0.2657035450527446,-1.7787971550152133,-0.7900951609669679,0.026493490277805388,-0.4562619459772131,-0.08195401181447913,0.6768057341849941,-0.3529825060798381,-0.7667937546678366,0.03849089259956391,0.17403224911281334,0.5618494469260673,0.7736895806712769,-0.22951119217043428,,0.48605516262726656,,0.5788067836106698,
2010-02-01,0.03347120788628817,-0.13992942291199092,0.6188756968972702,-1.212070097923034,-3.2143404596863636,0.16998004276498194,-1.4610329828367465,0.5552154392195398,-0.1608165703661271,-1.7293465592286328,-0.7086497908343173,0.07917166688641673,-0.6332549906138798,-0.03945487139844977,0.6942503426149053,-0.5277294348129715,-0.7289371446372378,0.12679356482725723,0.13190494796975252,0.510012194298152,0.7978924063006123,-0.23168089395892472,,0.43787973326932333,,0.5790593477015832,
2010-03-01,-2.79329227830047,2.1898702009190356,1.0506665744317256,-0.7188762812399084,-3.145623875443823,0.943815658274256,-1.2893358964076007,0.38533405135163434,0.10593724112623541,-1.6969642818302633,-0.8467370712012902,0.16384205748347203,-0.6362314589784561,-0.013107869548969317,0.7270024579217957,-0.5572537083567378,-0.7339083405831599,0.09118581469133497,0.11946968684587968,0.5247457096695554,0.780478959516926,-0.2777267708112548,,0.4647929788806358,,0.5506941109399587,
2010-04-01,-0.593549071091731,0.16794545479787032,0.14476826504040027,-0.5272294035320436,-2.8239641765499766,1.2035797294521322,-0.9849447539561682,0.3460891012485696,0.2217481446253041,-1.4945511689388284,-0.783465194372659,0.24592972168530838,-0.7704004903263696,0.17574641111946773,0.7282379090548073,-0.6060598493105709,-0.638969122969463,0.06253358260389709,0.06398596588572819,0.4762929039664095,0.7741804939723892,-0.29915602040168376,,0.4541414544480016,,0.538553003244514,
2010-05-01,1.9766829435028785,0.3346502637477789,2.8111483258105734,-0.4541942577590308,-1.945678485464687,1.396376181738096,-0.7440453828994565,0.2626013331993439,0.5380809252354171,-1.1861828372182301,-0.7372853412010039,0.4072451565533793,-0.8038459188647136,0.3468135232600342,0.823852415211808,-0.8929351945591745,-0.5550281838966884,0.25140190179850497,0.019716204648063725,0.2511043280342571,0.8249604700730379,-0.28001429992391974,,0.4115894698469282,,0.539301127500546,
2010-06-01,0.744418856203534,0.9768398050225793,0.41125821462750217,-0.3899724097123025,-1.5080038203215234,1.456987157555692,-0.26194469076153076,0.19059159981214166,0.5938481689456198,-0.7867331200973912,-0.7837030287529227,0.5894310826422655,-0.8462596441270351,0.3733949366208389,0.7505684393453299,-0.8995008817313599,-0.5031200072484734,0.265207134567198,-0.00364833844061812,0.24118920555270884,0.8123108411702794,-0.30707330764398333,,0.41443964607803124,,0.4870071653281612,
2010-07-01,-1.9939511335471949,2.003448853969952,0.8234122001148303,-0.46810864261126267,-1.212070097923034,1.5507221084254923,0.16998004276498194,0.21238766323119762,0.5552154392195398,-0.499772640527596,-1.0330508102284242,0.7730236376456157,-0.7133826143520259,0.3891298155165808,0.7054939467827585,-0.8983887910347913,-0.5466069809684513,0.2776827377384998,-0.03753090584231219,0.15627371614992874,0.8216018965491828,-0.3131146208404059,,0.41238148634608274,,0.4602847070201537,
2010-08-01,1.8566009312833536,5.619916185286837,-2.667417326370025,-0.2583287007804331,-0.7188762812399084,1.6742311625093695,0.943815658274256,0.18679380225584508,0.38533405135163434,-0.3645783909525502,-1.0384701681969173,0.9885629829754027,-0.5401839950015866,0.33713206427423953,0.5813877103178857,-0.9722922496706246,-0.5463822705798459,0.3234559879235748,0.1384718602758507,0.17085595958141447,0.7032909975977326,-0.35424352916912977,,0.4381001822843306,,0.4441108941659355,
2010-09-01,-0.12633221120534088,3.4323064047772904,-1.7090725067742265,-0.179588103974163,-0.5272294035320436,1.7887170978036904,1.2035797294521322,0.13460083126818842,0.3460891012485696,-0.15684853495814371,-1.2595475834406122,1.148870546175717,-0.3762071373978259,0.3983978798622645,0.41034107388209534,-1.0004049220555453,-0.567569857004642,0.3666636864374455,0.18591624804265505,0.16022584973412404,0.6434961760599012,-0.3260830734356922,,0.36071686511742107,,0.44828725621341176,
2010-10-01,-1.0835942242526904,2.0836387810437382,-0.19369847451330793,0.15652153756616646,-0.4541942577590308,1.7811953397782174,1.396376181738096,0.24555558111270007,0.2626013331993439,0.08684310770873421,-1.692187627105113,1.0717973760297375,-0.06948948518889787,0.47714283269180363,0.06668734927420182,-0.9192462901197571,-0.5480081234020334,0.42383204535740376,0.1656308158528924,0.23023340834334213,0.6423001239472912,-0.3247641504711398,,0.3178480128240087,,0.45939036771390873,
2010-11-01,-1.0782199439315274,1.2451343347048445,0.6765168000533366,0.4515985021135159,-0.3899724097123025,1.7994350670629267,1.456987157555692,0.4718789018947643,0.19059159981214166,0.12568770638683568,-1.7407139066236346,1.1447804287557035,-0.030288240766260178,0.4412698093768557,0.07758933489327759,-0.7944274848223191,-0.6117001371867337,0.5247136673494287,0.20241076135739977,0.2746620379323697,0.5579551856615972,-0.27937809848199013,,0.2601542108368475,,0.4708046713417769,
2010-12-01,-2.7247421470778366,2.354743774417726,1.5262606200110636,0.3722122452699041,-0.46810864261126267,1.9229075481839877,1.5507221084254923,0.20870894800626075,0.21238766323119762,0.19647637917044372,-1.7787971550152133,1.1565925213949033,0.026493490277805388,0.37949027334185653,-0.08195401181447913,-0.5242764806529007,-0.6283435739189305,0.5982958625967124,0.2200473698938853,0.33499202206716533,0.5197948869950029,-0.2687122300305606,,0.22661966597633648,,0.47118001433852985,
2011-01-01,2.68256266116554,-0.17779068566322526,-1.2511927622590016,0.5084585392663313,-0.2583287007804331,1.807991966052762,1.6742311625093695,0.18441146208754214,0.18679380225584508,0.19715964715739487,-1.7293465592286328,1.1653916705426905,0.07917166688641673,0.42255841765497104,-0.03945487139844977,-0.3820665864760915,-0.6128396742381229,0.7264253792322188,0.2539024235183145,0.35031652116271017,0.5134684235419444,-0.2678346984856744,,0.1740951488235964,,0.46891970533842203,
2011-02-01,0.9783583695615297,1.2339018006198559,-0.007439954954609608,0.4829133160179337,-0.179588103974163,1.8071459231858233,1.7887170978036904,0.11904868932893943,0.13460083126818842,0.14174383433247914,-1.6969642818302633,1.2431278962536303,0.16384205748347203,0.389135711898494,-0.013107869548969317,-0.24355120827076807,-0.5322958952142659,0.8239904755461784,0.17406903885864353,0.3285688293599689,0.507700505499333,-0.34501063926523107,,0.20080605126927717,,0.4579586395112385,
2011-03-01,1.2400234201834834,2.099609104613362,2.382123572565865,0.4051792113236208,0.15652153756616646,1.353925434077178,1.7811953397782174,0.4114617083728946,0.24555558111270007,0.10656284675986383,-1.4945511689388284,1.2805120210745413,0.24592972168530838,0.3207470597842496,0.17574641111946773,-0.1561211078522148,-0.5123175349454713,0.950788323949961,0.16957747394043507,0.34297720441940993,0.5665201656520972,-0.362316701320994,,0.16948156780424015,,0.46127572669498795,
2011-04-01,2.9473745034764622,0.3868221822143815,2.8606481144251705,0.7009156189495119,0.4515985021135159,0.940015022607343,1.7994350670629267,0.6081965641350376,0.4718789018947643,0.193942502542276,-1.1861828372182301,1.280416016239906,0.4072451565533793,0.2923814919518955,0.3468135232600342,-0.1067666448421786,-0.371777295543934,0.9721794191880583,0.08621136213672921,0.36945519643047886,0.6427849066681264,-0.44618818112905756,,0.15872121386996568,,0.4198528835305955,
2011-05-01,1.0240478613795367,1.8163200372005097,-0.34689112085146884,0.7055696705327019,0.3722122452699041,0.8931846757733108,1.9229075481839877,0.6199382855543677,0.20870894800626075,0.22034086104150952,-0.7867331200973912,1.2795428780022269,0.5894310826422655,0.3011189845859025,0.3733949366208389,-0.07008046239084297,-0.36745281237736793,0.98581036113802,0.10507190348485347,0.3440688662867334,0.6188045928099588,-0.6198162672109288,,0.2433474896708477,,0.2950006592037528,
2011-06-01,2.379374384160661,-0.40214718055212856,0.11968838360287894,0.7829251680531898,0.5084585392663313,0.8561978852341144,1.807991966052762,0.5683889468715714,0.18441146208754214,0.18642452175299232,-0.499772640527596,1.269466485344797,0.7730236376456157,0.23344757048303952,0.3891298155165808,-0.03007951212400602,-0.3529825060798381,0.9739843679578831,0.03849089259956391,0.31725395648938537,0.5618494469260673,-0.6264115943069609,,0.2186809386938316,,0.3089326580275554,
2011-07-01,-2.300493812527966,1.9932963395666898,0.03905892701159774,0.8624279369260521,0.4829133160179337,0.7800612326598885,1.8071459231858233,0.6327291720787445,0.11904868932893943,0.18090203044662445,-0.3645783909525502,1.2206104142290937,0.9885629829754027,0.2285506972712554,0.33713206427423953,-0.04955034168550013,-0.5277294348129715,0.9841624768247501,0.12679356482725723,0.3181421791156525,0.510012194298152,-0.6365333091696997,,0.21340482965525903,,0.23562726383569352,
2011-08-01,0.9237916749515986,0.181270315983091,0.8415389021574368,0.5418163694453911,0.4051792113236208,0.8120246299978908,1.353925434077178,0.5914776215411431,0.4114617083728946,0.240708236555365,-0.15684853495814371,1.1509956919367768,1.148870546175717,0.21524552443018344,0.3983978798622645,-0.06367577463723759,-0.5572537083567378,1.0343416011253597,0.09118581469133497,0.28898100081989647,0.5247457096695554,-0.6345675004406919,,0.2137508782667501,,0.2530491379208216,
2011-09-01,3.4225046803053525,-1.5346185328607291,0.6517457623714904,0.3927137974938904,0.7009156189495119,0.7723069443453925,0.940015022607343,0.5068932883003109,0.6081965641350376,0.12525647884163194,0.08684310770873421,0.9542746567878136,1.0717973760297375,0.3217987809532977,0.47714283269180363,-0.07103859516994208,-0.6060598493105709,1.0233647689382883,0.06253358260389709,0.28431186527908264,0.4762929039664095,-0.6300087128050442,,0.22438190865255123,,0.26231732575711314,
2011-10-01,-1.0277456052544098,1.5216746190353518,-0.052797817481347625,0.23136346751838532,0.7055696705327019,0.7796366927015944,0.8931846757733108,0.33920740279109096,0.6199382855543677,0.1034647345027539,0.12568770638683568,0.8564792640560214,1.1447804287557035,0.3811382440214334,0.4412698093768557,0.02321779668229374,-0.8929351945591745,0.953900994025652,0.25140190179850497,0.2809823075753174,0.2511043280342571,-0.5673145820954372,,0.21863616594321758,,0.3138113555085675,
2011-11-01,-0.14995397368567254,0.8012928482344877,0.05792473585978113,-0.010916780030497106,0.7829251680531898,0.7596506889415271,0.8561978852341144,0.1303590672770409,0.5683889468715714,0.12197643529325092,0.19647637917044372,0.7805274508379821,1.1565925213949033,0.38480263283042815,0.37949027334185653,0.05667996544512256,-0.8995008817313599,0.9471906782789922,0.265207134567198,0.29918251286642317,0.24118920555270884,-0.4909222447705386,,0.27967852935937515,,0.321895512360774,
2011-12-01,-1.770708920603488,1.441103943527014,2.2983433224971406,0.0006367982360803714,0.8624279369260521,0.6160254225056063,0.7800612326598885,0.2581861929598183,0.6327291720787445,0.1498669366701422,0.19715964715739487,0.7324829731589787,1.1653916705426905,0.3805851348280072,0.42255841765497104,0.043669844083068295,-0.8983887910347913,0.9135967225370367,0.2776827377384998,0.2360650804230112,0.15627371614992874,-0.34050539066821073,,0.3201546064385662,,0.3308024474244062,
2012-01-01,-1.1647761486023926,0.20577008239280298,-1.7462113687102188,-0.14665447837308263,0.5418163694453911,0.633228862405425,0.8120246299978908,0.2726899324549687,0.5914776215411431,0.15972880877738108,0.14174383433247914,0.7008826610243791,1.2431278962536303,0.3710194370578799,0.389135711898494,0.07607752169249116,-0.9722922496706246,0.8543316774573507,0.3234559879235748,0.28115388266715,0.17085595958141447,-0.25963466286442005,-0.40337871906771033,0.4072606625184045,0.6016705079691401,0.3216602831629819,0.6198680331621638
2012-02-01,-0.8108724938564793,0.7572895727898756,-1.0224519538445966,-0.0014968429072040323,0.3927137974938904,0.4948454606877299,0.7723069443453925,0.3114423595314275,0.5068932883003109,0.03365068843436012,0.10656284675986383,0.714396820433355,1.2805120210745413,0.34007460010192214,0.3207470597842496,0.11368280804356441,-1.0004049220555453,0.8102651616834792,0.3666636864374455,0.29293510133022527,0.16022584973412404,-0.188203729633138,-0.3947371480783971,0.45366539529516314,0.5913477772116681,0.3060491404059396,0.6070342676940671
2012-03-01,-0.6961805395225774,2.1875660848877865,0.3698929464552267,-0.15466625364035722,0.23136346751838532,0.554623879498449,0.7796366927015944,0.23213585353370092,0.33920740279109096,-0.016763840767831675,0.193942502542276,0.6406886045055874,1.280416016239906,0.3591673822845298,0.2923814919518955,0.08845227659628827,-0.9192462901197571,0.6425919430081246,0.42383204535740376,0.38120107094638944,0.23023340834334213,-0.12678870563301065,-0.36276800333298553,0.5017609884474309,0.5838482186034902,0.3152467386843537,0.5852399724909138
2012-04-01,0.040011532889872956,0.14699013709357345,0.35446808825656984,-0.49398614994400436,-0.010916780030497106,0.7729435055046997,0.7596506889415271,0.15407992390782932,0.1303590672770409,-0.043434073759642665,0.22034086104150952,0.5402538211493692,1.2795428780022269,0.298695670806626,0.3011189845859025,0.09605142041197898,-0.7944274848223191,0.5153401147151601,0.5247136673494287,0.4261940899629289,0.2746620379323697,-0.0810063189664748,-0.295245129365074,0.4760993172093474,0.5502087307323277,0.3419720756349885,0.5849558902177946
2012-05-01,1.1626908005784664,0.09281683996946055,1.18703438734186,-0.4616167999462004,0.0006367982360803714,0.6678702259026531,0.6160254225056063,0.14966698010648866,0.2581861929598183,-0.14077930288907414,0.18642452175299232,0.521068483887025,1.269466485344797,0.21283431835225264,0.23344757048303952,0.09509797271852746,-0.5242764806529007,0.4519054729106781,0.5982958625967124,0.44720953249012013,0.33499202206716533,-0.04505005628446756,-0.25844710163681606,0.47276556911253337,0.519616316926757,0.3429828754301386,0.5883553102370385
2012-06-01,0.6118790648507052,-0.1957059017543044,0.29373325754468355,-0.48319129471290573,-0.14665447837308263,0.608768061083843,0.633228862405425,0.19278132278444318,0.2726899324549687,-0.12060135651034964,0.18090203044662445,0.40894130971356096,1.2206104142290937,0.24974314663138641,0.2285506972712554,0.11645661390415483,-0.3820665864760915,0.3846603916672262,0.7264253792322188,0.4631615401170739,0.35031652116271017,-0.009629971209458299,-0.22951119217043428,0.45834871646531533,0.48605516262726656,0.32050212334703426,0.5788067836106698
2012-07-01,-0.558602186937423,0.3326955189543477,0.5040880519291037,-0.5429703193712903,-0.0014968429072040323,0.6217040893888695,0.4948454606877299,0.10930970203701541,0.3114423595314275,-0.140112987094429,0.240708236555365,0.37750153315964513,1.1509956919367768,0.32952509295695404,0.21524552443018344,0.1249759213939759,-0.24355120827076807,0.3380123892402282,0.8239904755461784,0.44734811426914195,0.3285688293599689,0.002996724507567039,-0.23168089395892472,0.45771853172762744,0.43787973326932333,0.3240808222060327,0.5790593477015832
2012-08-01,-0.9142412538462394,0.8986113417117211,-0.11013916981528231,-0.47451499257667124,-0.15466625364035722,0.616769010868819,0.554623879498449,0.08867157866270127,0.23213585353370092,-0.07093244594362029,0.12525647884163194,0.3118247809323071,0.9542746567878136,0.3798783073308681,0.3217987809532977,0.09528520541793545,-0.1561211078522148,0.3034703525203057,0.950788323949961,0.44805181080033596,0.34297720441940993,0.01743791867460402,-0.2777267708112548,0.4408358535715278,0.4647929788806358,0.31881371413111714,0.5506941109399587
2012-09-01,-0.6493340753384138,1.0852169792142812,-0.2849253931389691,-0.4262414790295541,-0.49398614994400436,0.5090702646657824,0.7729435055046997,0.21144147626874887,0.15407992390782932,-0.06991119076737805,0.1034647345027539,0.28692519747359796,0.8564792640560214,0.36607075223313684,0.3811382440214334,0.08129499987843523,-0.1067666448421786,0.2647418094319374,0.9721794191880583,0.4459341226278348,0.36945519643047886,0.019842192710911255,-0.29915602040168376,0.4389095229480238,0.4541414544480016,0.30780734600459564,0.538553003244514
2012-10-01,-0.639313405280762,0.2607952638107903,-0.10575314309743535,-0.31823161503767095,-0.4616167999462004,0.30087094959714383,0.6678702259026531,0.25818393882216123,0.14966698010648866,-0.20638067885678757,0.12197643529325092,0.3030026607690686,0.7805274508379821,0.33519285287687445,0.38480263283042815,0.05084314246682362,-0.07008046239084297,0.2004404621151571,0.98581036113802,0.40585465176796715,0.3440688662867334,0.09506197359582402,-0.28001429992391974,0.39776567704090005,0.4115894698469282,0.3005492150117785,0.539301127500546
2012-11-01,-0.4088479108861363,0.0920668704087655,0.5752968479952356,-0.2706418257476515,-0.48319129471290573,0.2824862788325228,0.608768061083843,0.2953095694274645,0.19278132278444318,-0.2101378761885598,0.1498669366701422,0.2312658714793618,0.7324829731589787,0.3608451559579964,0.3805851348280072,-0.027415183138744234,-0.03007951212400602,0.194634111230039,0.9739843679578831,0.30528350509460067,0.31725395648938537,0.1068624164808348,-0.30707330764398333,0.4032895445009072,0.41443964607803124,0.29761277790665286,0.4870071653281612
2012-12-01,-2.488057216504103,1.5963362831873333,1.2966838735280073,-0.24183951125678002,-0.5429703193712903,0.20185719692151557,0.6217040893888695,0.24130010030295454,0.10930970203701541,-0.21677766317036273,0.15972880877738108,0.14889164488378204,0.7008826610243791,0.41054783673982514,0.3710194370578799,-0.043020237715423765,-0.04955034168550013,0.1406369556360999,0.9841624768247501,0.3024074546267844,0.3181421791156525,0.09153491441352632,-0.3131146208404059,0.3926811583774853,0.41238148634608274,0.2440187663439209,0.4602847070201537
2013-01-01,-0.34331222706696357,0.14654914015219606,-1.9938688492019885,-0.13357149581577565,-0.47451499257667124,0.1217742039138651,0.616769010868819,0.38636025345893943,0.08867157866270127,-0.24375008637206233,0.03365068843436012,0.11698796753039804,0.714396820433355,0.3546575853643406,0.34007460010192214,-0.099542677755636,-0.06367577463723759,0.1634186791002637,1.0343416011253597,0.2766805949272493,0.28898100081989647,0.09452620742386598,-0.35424352916912977,0.36574139791750643,0.4381001822843306,0.22385919601008655,0.4441108941659355
2013-02-01,-0.23159033129107348,-0.5350953816465621,0.45078681742797433,-0.14036804898003685,-0.4262414790295541,0.1288041011768842,0.5090702646657824,0.4483142551303088,0.21144147626874887,-0.12798037659579245,-0.016763840767831675,0.049193213781513166,0.6406886045055874,0.37633890542993226,0.3591673822845298,-0.07062062208686319,-0.07103859516994208,0.0970670035083368,1.0233647689382883,0.2853271911604062,0.28431186527908264,0.1323415119528238,-0.3260830734356922,0.32489050913653295,0.36071686511742107,0.2273052334209579,0.44828725621341176
2013-03-01,0.5999378283800197,-0.3108256959358766,0.930802497096175,0.014843872105600795,-0.31823161503767095,0.019226515448746834,0.30087094959714383,0.5000056509325729,0.25818393882216123,-0.07441439892929243,-0.043434073759642665,0.01095924197520993,0.5402538211493692,0.4154545397915968,0.298695670806626,-0.10674881941625522,0.02321779668229374,0.0703546166285734,0.953900994025652,0.2598126445657466,0.2809823075753174,0.15130233295504372,-0.3247641504711398,0.20772737536901167,0.3178480128240087,0.2872927672677995,0.45939036771390873
2013-04-01,0.6110890043701066,-0.07362591208187833,0.7999756555202093,0.08122479223042899,-0.2706418257476515,-0.16693818396656276,0.2824862788325228,0.5163057818459198,0.2953095694274645,-0.03941702005895729,-0.14077930288907414,-0.08915765317806157,0.521068483887025,0.4391782762564054,0.21283431835225264,-0.1929059367499475,0.05667996544512256,0.07896727799575393,0.9471906782789922,0.25185823759711184,0.29918251286642317,0.17428591251710696,-0.27937809848199013,0.15549796777911198,0.2601542108368475,0.3191068158178497,0.4708046713417769
2013-05-01,1.508318574468925,-0.8747321429626268,0.5389207578477405,0.04134104756908045,-0.24183951125678002,-0.20533848294392956,0.20185719692151557,0.5720233318095042,0.24130010030295454,-0.03566438469286786,-0.12060135651034964,-0.08787417762570508,0.40894130971356096,0.39274572400338054,0.24974314663138641,-0.1588752313986697,0.043669844083068295,0.02475566268375336,0.9135967225370367,0.2774582527989939,0.2360650804230112,0.16989059555849606,-0.2687122300305606,0.13457930451118277,0.22661966597633648,0.3187739305479284,0.47118001433852985
2013-06-01,1.9110952501427572,-1.1567018178461101,2.034455095416502,0.04963596837217995,-0.13357149581577565,-0.31098477131627883,0.1217742039138651,0.6283143506952071,0.38636025345893943,-0.0648487556911759,-0.140112987094429,-0.0970572777986533,0.37750153315964513,0.3245180854602675,0.32952509295695404,-0.14703420479605964,0.07607752169249116,-0.007147153487743179,0.8543316774573507,0.28117669001715284,0.28115388266715,0.1917473215134691,-0.2678346984856744,0.11322075805840331,0.1740951488235964,0.31422526712982807,0.46891970533842203
2013-07-01,-0.6401608249085574,0.4170542861105773,1.2475360719855366,0.05547014662716532,-0.14036804898003685,-0.38772815432807345,0.1288041011768842,0.600005468691666,0.4483142551303088,-0.07598677744691273,-0.07093244594362029,-0.07148641255231694,0.3118247809323071,0.2786759261633895,0.3798783073308681,-0.12644522392565152,0.11368280804356441,-0.014063560815747715,0.8102651616834792,0.25842909190674046,0.29293510133022527,0.23973900252284772,-0.34501063926523107,0.10179869419602869,0.20080605126927717,0.3107812054777226,0.4579586395112385
2013-08-01,0.9483017991814122,-0.41631968702592764,0.5101575798118866,0.21855423938508597,0.014843872105600795,-0.5183825833057926,0.019226515448746834,0.6640062321971634,0.5000056509325729,-0.10518251167669283,-0.06991119076737805,-0.10182222508135973,0.28692519747359796,0.2722696069748956,0.36607075223313684,-0.06543269176397937,0.08845227659628827,-0.09402550821654046,0.6425919430081246,0.27193238228619926,0.38120107094638944,0.24783559474155298,-0.362316701320994,0.08438937618125827,0.16948156780424015,0.3203873029309344,0.46127572669498795
2013-09-01,0.14723696615952447,-1.148759413769434,-0.08932382217880677,0.2774126811709689,0.08122479223042899,-0.4871517807153627,-0.16693818396656276,0.6194676033144447,0.5163057818459198,-0.08279010230420429,-0.20638067885678757,-0.1717800148063644,0.3030026607690686,0.2736510400817694,0.33519285287687445,-0.0379715766550571,0.09605142041197898,-0.12215880913632121,0.5153401147151601,0.299180870151493,0.4261940899629289,0.25331340547051917,-0.44618818112905756,0.08792598094922138,0.15872121386996568,0.3082519243487225,0.4198528835305955
2013-10-01,-1.1179183412169444,-0.20000832391761156,0.5628574564655769,0.23939757491975608,0.04134104756908045,-0.4791862559532671,-0.20533848294392956,0.6201726136906496,0.5720233318095042,-0.042365830152919066,-0.2101378761885598,-0.26802083575871904,0.2312658714793618,0.3007473944417531,0.3608451559579964,0.029141620964856063,0.09509797271852746,-0.19066788242510396,0.4519054729106781,0.30599436371836725,0.44720953249012013,0.2345499028879772,-0.6198162672109288,0.06950763742398584,0.2433474896708477,0.22982771150981324,0.2950006592037528
2013-11-01,-0.30930886124894225,-1.1756885900594256,1.250789074623672,0.19931305636191546,0.04963596837217995,-0.458234634083933,-0.31098477131627883,0.4901818785792967,0.6283143506952071,-0.007504447124904393,-0.21677766317036273,-0.2968016189256965,0.14889164488378204,0.34135388914524656,0.41054783673982514,0.031210120107051702,0.11645661390415483,-0.18087934449997267,0.3846603916672262,0.295275306787153,0.4631615401170739,0.15945699286043585,-0.6264115943069609,0.05543876867713342,0.2186809386938316,0.15249574822123446,0.3089326580275554
2013-12-01,-2.4180470774442786,0.675415687045798,0.9569772894855132,0.11214199987442781,0.05547014662716532,-0.3959717525188222,-0.38772815432807345,0.4077360706175805,0.600005468691666,0.021044340162363336,-0.24375008637206233,-0.31510476077353616,0.11698796753039804,0.3253743736335076,0.3546575853643406,0.028275176187215683,0.1249759213939759,-0.19184239293405583,0.3380123892402282,0.25106623025117514,0.44734811426914195,0.15107450321619129,-0.6365333091696997,0.025918776224910116,0.21340482965525903,0.14204218835229582,0.23562726383569352
2014-01-01,1.6136968860280843,-1.4213040075804346,-1.22585968713602,-0.018402059078050172,0.21855423938508597,-0.26474702901849906,-0.5183825833057926,0.17099159886783968,0.6640062321971634,0.08181732379716784,-0.12798037659579245,-0.3319473859180563,0.049193213781513166,0.33298878684160294,0.37633890542993226,0.03694232540869369,0.09528520541793545,-0.2041712796235516,0.3034703525203057,0.2207315285026407,0.44805181080033596,0.11865211375785222,-0.6345675004406919,0.023031684914101697,0.2137508782667501,0.13309870117421144,0.2530491379208216
2014-02-01,0.47471097013952157,-0.16032575056140178,-0.08367672916464935,-0.06999697437334913,0.2774126811709689,-0.33244855133960377,-0.4871517807153627,0.09622495881948245,0.6194676033144447,0.1391084586423665,-0.07441439892929243,-0.44942276775922013,0.01095924197520993,0.36356278409794823,0.4154545397915968,0.060097028884463013,0.08129499987843523,-0.22584627939696292,0.2647418094319374,0.23534503941480756,0.4459341226278348,0.12382706504522685,-0.6300087128050442,0.006897127615481383,0.22438190865255123,0.1151154200731979,0.26231732575711314
2014-03-01,0.14375655336546575,-0.21523939879072945,0.9392626216106329,-0.18042407671400973,0.23939757491975608,-0.3627865450614758,-0.4791862559532671,0.047296429230965976,0.6201726136906496,0.15616337453219134,-0.03941702005895729,-0.4377733460373731,-0.08915765317806157,0.343050567092865,0.4391782762564054,0.16866623569731828,0.05084314246682362,-0.28997081224352284,0.2004404621151571,0.264288758144134,0.40585465176796715,0.10820471354636245,-0.5673145820954372,0.0044828599828551285,0.21863616594321758,0.09406728208679867,0.3138113555085675
2014-04-01,0.1300747816760193,0.17779355035012917,-0.7599131658160249,-0.16595645253626745,0.19931305636191546,-0.3691034875508754,-0.458234634083933,0.08518900703758643,0.4901818785792967,0.20282823896611948,-0.03566438469286786,-0.43643729843622786,-0.08787417762570508,0.32989957616647025,0.39274572400338054,0.22150003119334233,-0.027415183138744234,-0.31182289640549427,0.194634111230039,0.277752530348794,0.30528350509460067,0.06610547938885139,-0.4909222447705386,0.022902219428182505,0.27967852935937515,0.07053201631887313,0.321895512360774
2014-05-01,0.46226589661907336,-0.1275775641812965,-0.45042893769285464,-0.05634994181888958,0.11214199987442781,-0.38826475490746354,-0.3959717525188222,0.11068444648098902,0.4077360706175805,0.18213609303440326,-0.0648487556911759,-0.41256215616622044,-0.0970572777986533,0.29525817546699734,0.3245180854602675,0.20183336906865953,-0.043020237715423765,-0.2960527930400167,0.1406369556360999,0.2747547956929285,0.3024074546267844,0.09573486760156948,-0.34050539066821073,-0.011566201382191305,0.3201546064385662,0.05177114614255752,0.3308024474244062
2014-06-01,0.3445665427130212,0.4179948641577678,-0.8064785655803869,-0.007547288047453624,-0.018402059078050172,-0.31922475023079366,-0.26474702901849906,0.022434396571808148,0.17099159886783968,0.16333251990921344,-0.07598677744691273,-0.3886921878618416,-0.07148641255231694,0.2559492952252855,0.2786759261633895,0.21966757807568704,-0.099542677755636,-0.29962071867531354,0.1634186791002637,0.269985355331042,0.2766805949272493,0.10411536442959518,-0.25963466286442005,-0.03197609387682396,0.4072606625184045,0.052112226971086376,0.3216602831629819
2014-07-01,-1.259299808452145,-0.395363981742679,0.35033639140524964,0.10816450096717,-0.06999697437334913,-0.2761666175080393,-0.33244855133960377,0.06597210499153998,0.09622495881948245,0.12219923602092826,-0.10518251167669283,-0.36714402139225993,-0.10182222508135973,0.1379171660244914,0.2722696069748956,0.2930791316864921,-0.07062062208686319,-0.2975906170228715,0.0970670035083368,0.2706223844242844,0.2853271911604062,0.11930039965473047,-0.188203729633138,-0.03750322598260742,0.45366539529516314,0.025409980175127873,0.3060491404059396
2014-08-01,-0.37682342890651493,-0.7803756116883913,-0.07698477525031107,0.05966267789964663,-0.18042407671400973,-0.38046295221264764,-0.3627865450614758,0.06311933599873314,0.047296429230965976,0.16032956781671287,-0.08279010230420429,-0.40317146968388645,-0.1717800148063644,0.12886043155705693,0.2736510400817694,0.3906255322796815,-0.10674881941625522,-0.3356155866534728,0.0703546166285734,0.30726243815027593,0.2598126445657466,0.16190106661517562,-0.12678870563301065,-0.05992301874677527,0.5017609884474309,-0.0017070785757411426,0.3152467386843537
2014-09-01,0.32084845629243164,-1.2245627236422298,0.3653871115006387,0.03491406789341337,-0.16595645253626745,-0.3883949113593835,-0.3691034875508754,0.06663353087128542,0.08518900703758643,0.24557741749317696,-0.042365830152919066,-0.4445694760896577,-0.26802083575871904,0.1464303117499146,0.3007473944417531,0.4333649029627531,-0.1929059367499475,-0.2805824347550227,0.07896727799575393,0.27430828572485094,0.25185823759711184,0.17531860720130463,-0.0810063189664748,-0.08665362204166563,0.4760993172093474,0.005435660764843688,0.3419720756349885
2014-10-01,0.1973597873915903,-0.4299435321966685,0.8688027297864079,0.16625890301248258,-0.05634994181888958,-0.3936883409191887,-0.38826475490746354,0.039626538642291015,0.11068444648098902,0.29163765067479896,-0.007504447124904393,-0.3842652526249601,-0.2968016189256965,0.15847590460023112,0.34135388914524656,0.41987255398639045,-0.1588752313986697,-0.2443231517262697,0.02475566268375336,0.18391573864527144,0.2774582527989939,0.19528680014464536,-0.04505005628446756,-0.11527984291851695,0.47276556911253337,-0.0005769612468023773,0.3429828754301386
2014-11-01,0.2763229840082892,-0.34720853393938783,0.1917884757135016,0.16495912970689067,-0.007547288047453624,-0.3668896782485078,-0.31922475023079366,0.10033447235469806,0.022434396571808148,0.282079529818449,0.021044340162363336,-0.3414099480880603,-0.31510476077353616,0.12612052763464077,0.3253743736335076,0.35961452336010924,-0.14703420479605964,-0.25498104146279427,-0.007147153487743179,0.11227003480055564,0.28117669001715284,0.1949945943938383,-0.009629971209458299,-0.13088233547005088,0.45834871646531533,-0.016444995103551793,0.32050212334703426
2014-12-01,-1.029505609268795,1.1921132797188507,1.479429790522295,0.2145230399439987,0.10816450096717,-0.3814126232048609,-0.2761666175080393,0.10416251983299056,0.06597210499153998,0.3046833829274405,0.08181732379716784,-0.2939386923548309,-0.3319473859180563,0.09082085764895942,0.33298878684160294,0.33219174303388527,-0.12644522392565152,-0.2294295794341904,-0.014063560815747715,0.07024154949956876,0.25842909190674046,0.15226432509161475,0.002996724507567039,-0.14426502319043888,0.45771853172762744,-0.0436357923157143,0.3240808222060327
2015-01-01,1.031675009217804,-2.6728600240357356,-1.260092915049702,0.26280053111990637,0.05966267789964663,-0.4695410137660209,-0.38046295221264764,0.10484273318114314,0.06311933599873314,0.4118836242161554,0.1391084586423665,-0.2525218483702705,-0.44942276775922013,0.10593084229059353,0.36356278409794823,0.29116218099270635,-0.06543269176397937,-0.21328154724959383,-0.09402550821654046,0.0021477733190497245,0.27193238228619926,0.1453271120918669,0.01743791867460402,-0.14981028342980174,0.4408358535715278,-0.06140770439939918,0.31881371413111714
2015-02-01,0.1777276500647225,-0.25550926032223176,-0.041506390694021976,0.3906561100067745,0.03491406789341337,-0.4738943880281692,-0.3883949113593835,0.16149590429463145,0.06663353087128542,0.4766611787269792,0.15616337453219134,-0.2442320883273128,-0.4377733460373731,0.1288905411268322,0.343050567092865,0.25366673903779163,-0.0379715766550571,-0.1963879745957357,-0.12215880913632121,-0.06139317143191557,0.299180870151493,0.13038210966282252,0.019842192710911255,-0.1651560169108606,0.4389095229480238,-0.06967760572738667,0.30780734600459564
2015-03-01,1.7198945747942964,-0.2787605535083923,0.6151787148627001,0.6715789117003633,0.16625890301248258,-0.5263524071178397,-0.3936883409191887,0.24556419426886333,0.039626538642291015,0.5113410138586452,0.20282823896611948,-0.17729776177485265,-0.43643729843622786,0.10172862693005409,0.32989957616647025,0.22694864975552287,0.029141620964856063,-0.18381203167764004,-0.19066788242510396,-0.0872683646774268,0.30599436371836725,0.15079404685789577,0.09506197359582402,-0.18733465302681368,0.39776567704090005,-0.0764320110060258,0.3005492150117785
2015-04-01,0.11447750200891624,0.49937750239829987,-0.03141796126714031,0.7492317538858649,0.16495912970689067,-0.39942701769904465,-0.3668896782485078,0.23176280216287584,0.10033447235469806,0.5101100435197076,0.18213609303440326,-0.12689159961277097,-0.41256215616622044,-0.0342126988774176,0.29525817546699734,0.24776291821927737,0.031210120107051702,-0.16383140813240818,-0.18087934449997267,-0.10590854138646114,0.295275306787153,0.12172594939792167,0.1068624164808348,-0.20698395911208897,0.4032895445009072,-0.06555002687317618,0.29761277790665286
2015-05-01,1.0570328194643697,-0.30185290365753353,-0.40449236795334453,0.6205090014557871,0.2145230399439987,-0.29455514126865706,-0.3814126232048609,0.1415566087882926,0.10416251983299056,0.43976525685920603,0.16333251990921344,-0.15335424515222487,-0.3886921878618416,-0.07668588708881487,0.2559492952252855,0.2996500301283224,0.028275176187215683,-0.17345424995656,-0.19184239293405583,-0.1542781937344017,0.25106623025117514,0.11181178411527383,0.09153491441352632,-0.2165632482927236,0.3926811583774853,-0.0681712684603401,0.2440187663439209
2015-06-01,0.9238964368239133,-0.6395458225761517,-0.7983160054025559,0.6169140539023343,0.26280053111990637,-0.26865263447886817,-0.4695410137660209,0.1592073187261108,0.10484273318114314,0.44221661461361395,0.12219923602092826,-0.14615849289187452,-0.36714402139225993,-0.09850571105943706,0.1379171660244914,0.3180440494962338,0.03694232540869369,-0.15255458638389457,-0.2041712796235516,-0.1868448462080728,0.2207315285026407,0.09981694770959905,0.09452620742386598,-0.2376210390632996,0.36574139791750643,-0.07156971502065754,0.22385919601008655
2015-07-01,0.27496713819027285,-0.4476044728884593,1.030174444767109,0.7156027474651404,0.3906561100067745,-0.2288770792325017,-0.4738943880281692,0.1458895795896472,0.16149590429463145,0.4459443010280846,0.16032956781671287,-0.18754880636514126,-0.40317146968388645,-0.08227413945534523,0.12886043155705693,0.3613340570059258,0.060097028884463013,-0.1404973549912777,-0.22584627939696292,-0.19408842328434733,0.23534503941480756,0.11078665375370278,0.1323415119528238,-0.25672060934725544,0.32489050913653295,-0.08107770388325766,0.2273052334209579
2015-08-01,2.9942501914165502,-1.4098718407644362,0.9318347044404715,0.8936596795543115,0.6715789117003633,-0.108001224441978,-0.5263524071178397,0.19466174625493138,0.24556419426886333,0.41549859574336195,0.24557741749317696,-0.1283576862238017,-0.4445694760896577,-0.14020223655761455,0.1464303117499146,0.3551553620891544,0.16866623569731828,-0.13266717376563414,-0.28997081224352284,-0.2537377345795234,0.264288758144134,0.09340140928047222,0.15130233295504372,-0.2738528344402403,0.20772737536901167,-0.07953431915850598,0.2872927672677995
2015-09-01,1.2526825625184521,0.2985419493833099,0.1997704062287889,0.9877679598238766,0.7492317538858649,0.03379938780967815,-0.39942701769904465,0.13682372298882292,0.23176280216287584,0.4306350129902891,0.29163765067479896,-0.09432477498572221,-0.3842652526249601,-0.15455076163162315,0.15847590460023112,0.34180727795503607,0.22150003119334233,-0.1517288647195826,-0.31182289640549427,-0.267910258586325,0.277752530348794,0.1092513472901749,0.17428591251710696,-0.28719469472189185,0.15549796777911198,-0.08212723756994675,0.3191068158178497
2015-10-01,-1.3473132417693439,0.8285189849679825,-0.21367159070859118,0.8539611840269322,0.6205090014557871,0.13990514169364673,-0.29455514126865706,-0.10805193639712614,0.1415566087882926,0.4546226035970497,0.282079529818449,-0.06119536842317458,-0.3414099480880603,-0.2014573155984849,0.12612052763464077,0.3517560136137139,0.20183336906865953,-0.13269463607882048,-0.2960527930400167,-0.2937471195822742,0.2747547956929285,0.10044174155627277,0.16989059555849606,-0.2800101352605657,0.13457930451118277,-0.0762853700533387,0.3187739305479284
2015-11-01,0.2331836133668556,-0.036378452461920605,0.4035969949673201,0.714571384011521,0.6169140539023343,0.06018118794405806,-0.26865263447886817,-0.2537062465323277,0.1592073187261108,0.47765001610192837,0.3046833829274405,-0.06604899748110825,-0.2939386923548309,-0.286759513842097,0.09082085764895942,0.34876724711830903,0.21966757807568704,-0.15955444069961466,-0.29962071867531354,-0.2892388078415067,0.269985355331042,0.0775917435466467,0.1917473215134691,-0.3216900976924061,0.11322075805840331,-0.09498097913296084,0.31422526712982807
2015-12-01,0.15475871348487838,1.6694199426752478,1.3196169208847321,0.6699101892832288,0.7156027474651404,0.08909563742111183,-0.2288770792325017,-0.3011739419518646,0.1458895795896472,0.4808397182680775,0.4118836242161554,-0.06921950446044507,-0.2525218483702705,-0.2914844675980133,0.10593084229059353,0.2970063789468086,0.2930791316864921,-0.1757368534516292,-0.2975906170228715,-0.28907171083303546,0.2706223844242844,0.05609694378187117,0.23973900252284772,-0.31747103074556793,0.10179869419602869,-0.0854269972469728,0.3107812054777226
2016-01-01,3.168358194287856,-1.2223497665494507,-0.6748269150662918,0.6290880709362624,0.8936596795543115,0.09444340103573834,-0.108001224441978,-0.2693910120918335,0.19466174625493138,0.4879188350253036,0.4766611787269792,-0.07266272373289691,-0.2442320883273128,-0.32411868742229094,0.1288905411268322,0.29286970511772004,0.3906255322796815,-0.20202619734812488,-0.3356155866534728,-0.28813012477459166,0.30726243815027593,0.05249412065418335,0.24783559474155298,-0.31754891745047065,0.08438937618125827,-0.13483061456259834,0.3203873029309344
2016-02-01,1.3070270132995023,1.446098086697642,-0.7355626698873239,0.44034108147994905,0.9877679598238766,0.21717901558056585,0.03379938780967815,-0.44190037740986043,0.13682372298882292,0.5029017041839081,0.5113410138586452,-0.008769284542127415,-0.17729776177485265,-0.4121662698686517,0.10172862693005409,0.28742519055583277,0.4333649029627531,-0.20737854479719442,-0.2805824347550227,-0.2976424141955748,0.27430828572485094,0.04718590930026236,0.25331340547051917,-0.31725113264449173,0.08792598094922138,-0.1609107814596247,0.3082519243487225
2016-03-01,0.11421326523096512,0.9945084930992307,-2.3233291977686883,0.18969111428021446,0.8539611840269322,0.33770285714639514,0.13990514169364673,-0.5546657175321096,-0.10805193639712614,0.4952538829858473,0.5101100435197076,-0.033395841399682206,-0.12689159961277097,-0.43518215331513027,-0.0342126988774176,0.30651681296596256,0.41987255398639045,-0.19770441184044646,-0.2443231517262697,-0.3098207117312226,0.18391573864527144,0.04118636041248981,0.2345499028879772,-0.313151576839329,0.06950763742398584,-0.16843189702262296,0.22982771150981324
2016-04-01,-1.5582000981760178,-0.4573099425967642,-1.7792696828895593,0.1600134533082341,0.714571384011521,0.27703628085269544,0.06018118794405806,-0.6346774333598455,-0.2537062465323277,0.4445045689143294,0.43976525685920603,-0.002197783658636381,-0.15335424515222487,-0.4604339486945567,-0.07668588708881487,0.23112046909848225,0.35961452336010924,-0.16629270801433557,-0.25498104146279427,-0.30974830774979567,0.11227003480055564,0.05207627450527741,0.15945699286043585,-0.3015646028957596,0.05543876867713342,-0.16969684744034394,0.15249574822123446
2016-05-01,0.5210984827248619,0.045120490067111683,-0.9741047129877869,0.3347910307480691,0.6699101892832288,0.1624571463064405,0.08909563742111183,-0.7150756364724865,-0.3011739419518646,0.44067130582401814,0.44221661461361395,-0.055886821925168105,-0.14615849289187452,-0.48402544793960905,-0.09850571105943706,0.19135593827539268,0.33219174303388527,-0.16307100120407494,-0.2294295794341904,-0.3411880401973979,0.07024154949956876,0.08470625985943278,0.15107450321619129,-0.30242952890776104,0.025918776224910116,-0.17391400923184885,0.14204218835229582
2016-06-01,0.43403101666031785,-0.5753726592006336,-0.4169208470821833,0.3447653826338202,0.6290880709362624,0.13021362555797797,0.09444340103573834,-0.7421762539221372,-0.2693910120918335,0.3382480484482135,0.4459443010280846,-0.07289896857501339,-0.18754880636514126,-0.4856888261660484,-0.08227413945534523,0.15233201940775623,0.29116218099270635,-0.18596522458980846,-0.21328154724959383,-0.3361991074567676,0.0021477733190497245,0.08721013302246425,0.11865211375785222,-0.2824454913155545,0.023031684914101697,-0.1937674457308275,0.13309870117421144
2016-07-01,-1.9899967352854881,1.025222901649471,-1.039937939049214,0.2602349225854662,0.44034108147994905,0.08355163176670787,0.21717901558056585,-0.794126954434229,-0.44190037740986043,0.3079042921166268,0.41549859574336195,-0.06826878913917685,-0.1283576862238017,-0.484616553752459,-0.14020223655761455,0.1300995403913928,0.25366673903779163,-0.20656942496672143,-0.1963879745957357,-0.35712203103316476,-0.06139317143191557,0.12007138552588303,0.12382706504522685,-0.28425938755930835,0.006897127615481383,-0.19540828249107983,0.1151154200731979
2016-08-01,-0.013549414980264568,0.03641425802551576,-0.42134937702651776,0.11214372881350453,0.18969111428021446,0.09046265535772312,0.33770285714639514,-1.0189942859922347,-0.5546657175321096,0.2358097308303618,0.4306350129902891,-0.07412062318170705,-0.09432477498572221,-0.5272115734406779,-0.15455076163162315,0.06293004303920943,0.22694864975552287,-0.15680621222758698,-0.18381203167764004,-0.37493238799614204,-0.0872683646774268,0.09911666005751749,0.10820471354636245,-0.27343517601228684,0.0044828599828551285,-0.22329266167259565,0.09406728208679867
2016-09-01,0.896550630854688,-0.42945696614108664,-0.7603701837040426,0.00273980614781774,0.1600134533082341,-0.10059107060904261,0.27703628085269544,-1.0071880296190832,-0.6346774333598455,0.12398576359876211,0.4546226035970497,-0.0333804142017499,-0.06119536842317458,-0.5875131647312656,-0.2014573155984849,0.077976662462164,0.24776291821927737,-0.1868089271782377,-0.16383140813240818,-0.36557910734515464,-0.10590854138646114,0.0998716524311488,0.06610547938885139,-0.2755816843324536,0.022902219428182505,-0.24819225865894437,0.07053201631887313
2016-10-01,0.7500176875086759,-0.5464306295870767,-1.1784500280602836,0.035047953801726164,0.3347910307480691,-0.14430070901091954,0.1624571463064405,-0.8128159609919874,-0.7150756364724865,-0.027935173295209215,0.47765001610192837,-0.04972555317198104,-0.06604899748110825,-0.5805038627061314,-0.286759513842097,0.032184076616374964,0.2996500301283224,-0.17572535981012422,-0.17345424995656,-0.347075334199878,-0.1542781937344017,0.08596076720470372,0.09573486760156948,-0.25099147493507634,-0.011566201382191305,-0.2527439715309165,0.05177114614255752
2016-11-01,0.3528758359958692,-0.42330070144347154,0.07838958557151222,0.16677122763651495,0.3447653826338202,-0.17195483179439433,0.13021362555797797,-0.7143446493468902,-0.7421762539221372,-0.02322059331480464,0.4808397182680775,-0.09732893117178391,-0.06921950446044507,-0.5825603646902431,-0.2914844675980133,0.007895510554809073,0.3180440494962338,-0.2611087253765298,-0.15255458638389457,-0.35514041553293296,-0.1868448462080728,0.09219063055614665,0.10411536442959518,-0.2548404099322045,-0.03197609387682396,-0.2505884515448415,0.052112226971086376
2016-12-01,-0.8596068070953699,1.1094760171800067,0.6962085147396309,0.0065859076131977905,0.2602349225854662,-0.23489357457113869,0.08355163176670787,-0.6702037103802323,-0.794126954434229,-0.07995899783953292,0.4879188350253036,-0.14462151964527867,-0.07266272373289691,-0.5839023205482069,-0.32411868742229094,-0.01539344030302363,0.3613340570059258,-0.2699902593347187,-0.1404973549912777,-0.31301119222847834,-0.19408842328434733,0.09877080922742976,0.11930039965473047,-0.26110357683328295,-0.03750322598260742,-0.24309363257836042,0.025409980175127873
2017-01-01,1.3912638690243158,-1.1394174834572677,-3.3732348937623597,-0.013279486703009283,0.11214372881350453,-0.23098097931409212,0.09046265535772312,-0.6998420954130845,-1.0189942859922347,-0.1626520631454811,0.5029017041839081,-0.1954155978338313,-0.008769284542127415,-0.6086278363445706,-0.4121662698686517,0.006024043743020118,0.3551553620891544,-0.2844855148226111,-0.13266717376563414,-0.3166624682873248,-0.2537377345795234,0.09348707871643312,0.16190106661517562,-0.2723549768178113,-0.05992301874677527,-0.24859357379570202,-0.0017070785757411426
2017-02-01,-0.005820058688739045,-0.8465466249035467,-0.5938875934095068,0.03127838018077422,0.00273980614781774,-0.36542026194398,-0.10059107060904261,-0.6125227694714953,-1.0071880296190832,-0.35243477521834166,0.4952538829858473,-0.18120870612039156,-0.033395841399682206,-0.6597294551216787,-0.43518215331513027,-0.028243196377371257,0.34180727795503607,-0.25997090795156186,-0.1517288647195826,-0.3540915901374124,-0.267910258586325,0.09575186092227922,0.17531860720130463,-0.260961946245443,-0.08665362204166563,-0.2533424114345898,0.005435660764843688
2017-03-01,0.5019110370778662,0.4699928322767074,0.009135625756462776,0.05828041291730938,0.035047953801726164,-0.40446368554989504,-0.14430070901091954,-0.6203606119304215,-0.8128159609919874,-0.37691898621869235,0.4445045689143294,-0.29711308467219566,-0.002197783658636381,-0.6167805225121433,-0.4604339486945567,-0.09507434430796825,0.3517560136137139,-0.2255396440057765,-0.13269463607882048,-0.37834003620431467,-0.2937471195822742,0.09146115757401908,0.19528680014464536,-0.2654020695285564,-0.11527984291851695,-0.23069909587847892,-0.0005769612468023773
2017-04-01,0.02247918784144741,-0.7891594159984613,-0.5976139431483951,-0.21588379989865292,0.16677122763651495,-0.3764873871966576,-0.17195483179439433,-0.5263302920524172,-0.7143446493468902,-0.3787044770889037,0.44067130582401814,-0.3335406105620098,-0.055886821925168105,-0.4665870331012538,-0.48402544793960905,-0.1076313096077369,0.34876724711830903,-0.2464308364096259,-0.15955444069961466,-0.38847868213406067,-0.2892388078415067,0.08583835165712823,0.1949945943938383,-0.25936179225077516,-0.13088233547005088,-0.2589870060760977,-0.016444995103551793
2017-05-01,-1.4011253575549438,-0.7101444232538205,-0.4444134453878899,-0.38123221737767876,0.0065859076131977905,-0.3571150086500084,-0.23489357457113869,-0.45004509290799954,-0.6702037103802323,-0.345442426173547,0.3382480484482135,-0.42175368203682373,-0.07289896857501339,-0.40585750003323556,-0.4856888261660484,-0.04687592011324463,0.2970063789468086,-0.27644258278756145,-0.1757368534516292,-0.37393703380950855,-0.28907171083303546,0.07758304347315967,0.15226432509161475,-0.2543769550340572,-0.14426502319043888,-0.2647427048387662,-0.0436357923157143
2017-06-01,0.19564628486583296,-0.5284215161160748,-0.7725814674764099,-0.5046833783128865,-0.013279486703009283,-0.41945666484853533,-0.23098097931409212,-0.42562838717427637,-0.6998420954130845,-0.3580452550961499,0.3079042921166268,-0.4495332077126341,-0.06826878913917685,-0.31892981736678516,-0.484616553752459,-0.05777203358085324,0.29286970511772004,-0.2747833572893702,-0.20202619734812488,-0.38349298131735204,-0.28813012477459166,0.05595484347053749,0.1453271120918669,-0.260538157907545,-0.14981028342980174,-0.2695282147942649,-0.06140770439939918
2017-07-01,-1.455302332680086,-0.5880484899091839,0.007893972249854693,-0.5855390488764288,0.03127838018077422,-0.4743828274343705,-0.36542026194398,-0.42312871825491233,-0.6125227694714953,-0.3055079698536011,0.2358097308303618,-0.47394997275178574,-0.07412062318170705,-0.3402981963850704,-0.5272115734406779,-0.07447010693429854,0.28742519055583277,-0.3054177470186668,-0.20737854479719442,-0.3963010323455287,-0.2976424141955748,0.05209393427807537,0.13038210966282252,-0.27554238853577717,-0.1651560169108606,-0.29619392409350864,-0.06967760572738667
2017-08-01,0.31047497785815725,-0.43210682524546457,-0.5154034865336309,-0.8170132792501882,0.05828041291730938,-0.45288006759850624,-0.40446368554989504,-0.3004646242511229,-0.6203606119304215,-0.2625353353060315,0.12398576359876211,-0.4985458697176257,-0.0333804142017499,-0.31018719650118837,-0.5875131647312656,-0.15257968572212366,0.30651681296596256,-0.2929039011356028,-0.19770441184044646,-0.4580814635388808,-0.3098207117312226,0.037665796682481795,0.15079404685789577,-0.24090644450008372,-0.18733465302681368,-0.2995711906895741,-0.0764320110060258
2017-09-01,-2.3934199229368596,-0.09374138590223724,0.367993654832009,-0.7565777785852026,-0.21588379989865292,-0.4936350987353488,-0.3764873871966576,-0.22637301540520335,-0.5263302920524172,-0.23745707360205967,-0.027935173295209215,-0.5071608945818624,-0.04972555317198104,-0.29017719554041715,-0.5805038627061314,-0.174441255187182,0.23112046909848225,-0.3411042993708542,-0.16629270801433557,-0.48147284905161,-0.30974830774979567,0.04898641462482319,0.12172594939792167,-0.25500410098722553,-0.20698395911208897,-0.28667070638985365,-0.06555002687317618
2017-10-01,-1.234163322239634,-0.3139620870272863,-0.2630276383272717,-0.7924569079795342,-0.38123221737767876,-0.5227805121131001,-0.3571150086500084,-0.12035810521052041,-0.45004509290799954,-0.24145369106572248,-0.02322059331480464,-0.5081643950407866,-0.09732893117178391,-0.2653793065211682,-0.5825603646902431,-0.1968054170052988,0.19135593827539268,-0.33372472514994656,-0.16307100120407494,-0.398431486633249,-0.3411880401973979,0.07031981713800735,0.11181178411527383,-0.3980372936981102,-0.2165632482927236,-0.2560912854152715,-0.0681712684603401
2017-11-01,-1.128538095226623,-1.1714005758257948,0.3713900543761897,-0.8576560799836092,-0.5046833783128865,-0.6715525322792533,-0.41945666484853533,-0.09737035071958078,-0.42562838717427637,-0.23770939554390158,-0.07995899783953292,-0.4958924473345625,-0.14462151964527867,-0.20336773247801954,-0.5839023205482069,-0.13952578697922624,0.15233201940775623,-0.32249785311885754,-0.18596522458980846,-0.36652349451552585,-0.3361991074567676,-0.01148695379256388,0.09981694770959905,-0.5417484619077565,-0.2376210390632996,-0.2762612879289767,-0.07156971502065754
2017-12-01,-1.8298748538578786,0.450362066149985,0.7262045417719998,-0.7226764178054981,-0.5855390488764288,-0.6641728408541293,-0.4743828274343705,0.03234407564666192,-0.42312871825491233,-0.2590407416881901,-0.1626520631454811,-0.4772818487130443,-0.1954155978338313,-0.2041513450149595,-0.6086278363445706,-0.13019306103002629,0.1300995403913928,-0.33773363279422186,-0.20656942496672143,-0.33948558025764264,-0.35712203103316476,-0.14157395448464427,0.11078665375370278,-0.4967919739871366,-0.25672060934725544,-0.1755316138311408,-0.08107770388325766
2018-01-01,-1.3864268954607972,-0.8813843654268968,-1.9012657657168865,-0.5977364530041933,-0.8170132792501882,-0.7169189661894796,-0.45288006759850624,0.019245702642943546,-0.3004646242511229,-0.24182262169418098,-0.35243477521834166,-0.49990243641135423,-0.18120870612039156,-0.19738807130117855,-0.6597294551216787,-0.14148440282466782,0.06293004303920943,-0.32889242378625794,-0.15680621222758698,-0.35947319668927313,-0.37493238799614204,-0.20989074599459692,0.09340140928047222,-0.47366143946346095,-0.2738528344402403,-0.14242132874910468,-0.07953431915850598
2018-02-01,0.7194059492910876,-1.335606998545657,0.29521171274152747,-0.5563490507928375,-0.7565777785852026,-0.6316714774912716,-0.4936350987353488,-0.007851623530881292,-0.22637301540520335,-0.2849413929899378,-0.37691898621869235,-0.48458717938226586,-0.29711308467219566,-0.1776250523122039,-0.6167805225121433,-0.11741262895844258,0.077976662462164,-0.34936478625987044,-0.1868089271782377,-0.3287691946859066,-0.36557910734515464,-0.25575884180589364,0.1092513472901749,-0.45243260084898845,-0.28719469472189185,-0.12742677309229453,-0.08212723756994675
2018-03-01,0.07136148434589047,0.12024787174369203,1.2813145480926582,-0.5331945601214291,-0.7924569079795342,-0.6098581036138297,-0.5227805121131001,0.04000622084958715,-0.12035810521052041,-0.26303178585468195,-0.3787044770889037,-0.46136091375176,-0.3335406105620098,-0.21861525876787333,-0.4665870331012538,-0.13465474603682756,0.032184076616374964,-0.37945359922377914,-0.17572535981012422,-0.28146465204304943,-0.347075334199878,-0.33291556236267833,0.10044174155627277,-0.4304238998239427,-0.2800101352605657,-0.13994326168983054,-0.0762853700533387
2018-04-01,-0.7599108762074559,-2.5744236579922997,-0.3217608892571193,-0.2670235822327924,-0.8576560799836092,-0.6398414028849156,-0.6715525322792533,-0.004428320989919271,-0.09737035071958078,-0.3127321024088114,-0.345442426173547,-0.4284367332194601,-0.42175368203682373,-0.19123924945387985,-0.40585750003323556,-0.1600178163028194,0.007895510554809073,-0.3914727414691755,-0.2611087253765298,-0.2973401330611729,-0.35514041553293296,-0.3470997406522487,0.0775917435466467,-0.45123923708475006,-0.3216900976924061,-0.14153447064582877,-0.09498097913296084
2018-05-01,0.21863058858239234,-0.6215881261523347,1.1121596710070225,-0.09418657371012477,-0.7226764178054981,-0.6346698860191168,-0.6641728408541293,0.04330962795196042,0.03234407564666192,-0.2926742942870969,-0.3580452550961499,-0.39776936378108924,-0.4495332077126341,-0.19261291709984366,-0.31892981736678516,-0.18912827161268606,-0.01539344030302363,-0.37992892673602324,-0.2699902593347187,-0.25006483216987896,-0.31301119222847834,-0.3223057176657985,0.05609694378187117,-0.46398200230890835,-0.31747103074556793,-0.13654510033039768,-0.0854269972469728
2018-06-01,1.6949258624814882,-1.1613750201402757,-0.9297619435210305,-0.013398105063494009,-0.5977364530041933,-0.5351070325775534,-0.7169189661894796,0.017325697144357444,0.019245702642943546,-0.19858254535163844,-0.3055079698536011,-0.38915366190576356,-0.47394997275178574,-0.1741265151963479,-0.3402981963850704,-0.22730173972782244,0.006024043743020118,-0.3880839268722782,-0.2844855148226111,-0.25489071292509924,-0.3166624682873248,-0.3459901951534254,0.05249412065418335,-0.45480495417671585,-0.31754891745047065,-0.15143330188362022,-0.13483061456259834
2018-07-01,-0.9586535061438166,0.4349213744693117,-0.31727394183604335,0.10189380548806652,-0.5563490507928375,-0.5254220453883379,-0.6316714774912716,0.028352575652555213,-0.007851623530881292,-0.20558686088549713,-0.2625353353060315,-0.37784814602234085,-0.4985458697176257,-0.18928874732736753,-0.31018719650118837,-0.23845599955341001,-0.028243196377371257,-0.4107954984043638,-0.25997090795156186,-0.27757741520765367,-0.3540915901374124,-0.3863906983758846,0.04718590930026236,-0.4633639258291037,-0.31725113264449173,-0.16905126630311046,-0.1609107814596247
2018-08-01,0.5883288659150587,-0.1703463387161636,0.058890646031990436,0.2471304932703123,-0.5331945601214291,-0.5162942911660254,-0.6098581036138297,-0.054785480373284935,0.04000622084958715,-0.19175813352805104,-0.23745707360205967,-0.34133704841781576,-0.5071608945818624,-0.18689240729311218,-0.29017719554041715,-0.27249147498513576,-0.09507434430796825,-0.3956645511387212,-0.2255396440057765,-0.22450780457018904,-0.37834003620431467,-0.4453689679211253,0.04118636041248981,-0.4584312716313359,-0.313151576839329,-0.1713525800434114,-0.16843189702262296
2018-09-01,0.8006318117267807,-0.45354097715526764,-0.165220847242068,0.23051420687583843,-0.2670235822327924,-0.42908672876817144,-0.6398414028849156,-0.2108575021305433,-0.004428320989919271,-0.2311223255138961,-0.24145369106572248,-0.36694855606072124,-0.5081643950407866,-0.11201667209936339,-0.2653793065211682,-0.24852523094919285,-0.1076313096077369,-0.4027429407122544,-0.2464308364096259,-0.18766307510633595,-0.38847868213406067,-0.46975968514484506,0.05207627450527741,-0.5113566602131147,-0.3015646028957596,-0.17957283555716463,-0.16969684744034394
2018-10-01,0.8398807800323773,-0.2519038846376991,0.3098277489752846,0.16699270316191095,-0.09418657371012477,-0.33409295432582015,-0.6346698860191168,-0.26212039369723933,0.04330962795196042,-0.1320848245049027,-0.23770939554390158,-0.3989654186054345,-0.4958924473345625,-0.18284505356555072,-0.20336773247801954,-0.17913668404620728,-0.04687592011324463,-0.6619303003910928,-0.27644258278756145,-0.11986284322908126,-0.37393703380950855,-0.46137051950794894,0.08470625985943278,-0.5415548766815752,-0.30242952890776104,-0.10770950788548564,-0.17391400923184885
2018-11-01,-0.15907647146705384,0.023353665472965458,0.05958288468495397,0.2723074914094152,-0.013398105063494009,-0.1239861952829252,-0.5351070325775534,-0.28785548348010653,0.017325697144357444,-0.0930762987301898,-0.2590407416881901,-0.3913358857790307,-0.4772818487130443,-0.1500747018008187,-0.2041513450149595,-0.3129257935369519,-0.05777203358085324,-0.8656562218961485,-0.2747833572893702,-0.1377518479218885,-0.38349298131735204,-0.40346662810253886,0.08721013302246425,-0.5685979660790339,-0.2824454913155545,-0.08707852992791586,-0.1937674457308275
2018-12-01,-0.4463719272391522,0.5665819124205698,0.858527083870373,0.32551132710222075,0.10189380548806652,-0.1141344829573977,-0.5254220453883379,-0.38059710603935765,0.028352575652555213,-0.08861092043529055,-0.24182262169418098,-0.3723975578841497,-0.49990243641135423,-0.16952187580051062,-0.19738807130117855,-0.46145528977321604,-0.07447010693429854,-0.7793873109285521,-0.3054177470186668,0.031239861058797662,-0.3963010323455287,-0.4039263230788598,0.12007138552588303,-0.5833031234478909,-0.28425938755930835,-0.05977061537306886,-0.19540828249107983
2019-01-01,0.3564133579261517,-0.7718513147591465,-2.8989224380269683,0.1865627312331987,0.2471304932703123,-0.03877732585520228,-0.5162942911660254,-0.3978231972976786,-0.054785480373284935,-0.06491447489190068,-0.2849413929899378,-0.37900183388936054,-0.48458717938226586,-0.20480176368402433,-0.1776250523122039,-0.555087438068746,-0.15257968572212366,-0.743923206346317,-0.2929039011356028,0.08570882125313156,-0.4580814635388808,-0.36632465937261494,0.09911666005751749,-0.6121390818562256,-0.27343517601228684,-0.03405188989176654,-0.22329266167259565
2019-02-01,0.520010512557401,-0.2891162497714086,-1.577652548345573,0.17283278373673508,0.23051420687583843,-0.05100261934435998,-0.42908672876817144,-0.3659331910553431,-0.2108575021305433,-0.00023057285260958313,-0.26303178585468195,-0.3670567929088288,-0.46136091375176,-0.1865293947297221,-0.21861525876787333,-0.5834712235633971,-0.174441255187182,-0.7046405859605094,-0.3411042993708542,0.13909642713996118,-0.48147284905161,-0.3210924838066092,0.0998716524311488,-0.6371545699381547,-0.2755816843324536,0.0032078734385624845,-0.24819225865894437
2019-03-01,-0.690896560221239,1.260173165051907,0.6661598492923064,0.07094990909363656,0.16699270316191095,-0.12403900850761267,-0.33409295432582015,-0.264039565048314,-0.26212039369723933,0.005501042868812016,-0.3127321024088114,-0.35729686170070724,-0.4284367332194601,-0.16830810495690218,-0.19123924945387985,-0.637516446336972,-0.1968054170052988,-0.6951195569054045,-0.33372472514994656,0.15843667367112615,-0.398431486633249,-0.2713810031638374,0.08596076720470372,-0.6448480786915484,-0.25099147493507634,0.009542561370189951,-0.2527439715309165
2019-04-01,0.5038665827625949,-0.053142549477560475,-0.6305819666515265,0.002853933222986702,0.2723074914094152,-0.15808943432595346,-0.1239861952829252,-0.36126178614118226,-0.28785548348010653,0.127523427920456,-0.2926742942870969,-0.7315051945300892,-0.39776936378108924,-0.11961521223836165,-0.19261291709984366,-0.559876118890275,-0.13952578697922624,-0.7189150263599293,-0.32249785311885754,0.1511117907277063,-0.36652349451552585,-0.2536925476699251,0.09219063055614665,-0.6311366477141157,-0.2548404099322045,0.006718378663337804,-0.2505884515448415
2019-05-01,0.8570766168960594,-0.5033675782460048,-0.0007397997039915515,-0.09196602375025513,0.32551132710222075,-0.14800188553894464,-0.1141344829573977,-0.34345903155359786,-0.38059710603935765,-0.040560650313623235,-0.19858254535163844,-0.9627080667045963,-0.38915366190576356,-0.1579425965230423,-0.1741265151963479,-0.5216958005664609,-0.13019306103002629,-0.7084173830669912,-0.33773363279422186,0.16079840924283262,-0.33948558025764264,-0.23387787236106544,0.09877080922742976,-0.59013884765321,-0.26110357683328295,-0.004453916037357087,-0.24309363257836042
2019-06-01,0.027542712053223634,-0.25708913491393065,-1.1364750386208813,-0.1638237358070874,0.1865627312331987,-0.20968808319074597,-0.03877732585520228,-0.35636944874537874,-0.3978231972976786,-0.33084472575707513,-0.20558686088549713,-0.8369945459657634,-0.37784814602234085,0.030687753764865506,-0.18928874732736753,-0.5233443266960204,-0.14148440282466782,-0.6615939105310074,-0.32889242378625794,0.13687937722610422,-0.35947319668927313,-0.19827222972290215,0.09348707871643312,-0.5543337720086176,-0.2723549768178113,-0.023075004024529413,-0.24859357379570202
2019-07-01,-1.12341287610138,0.2882178525994192,0.06540613307198345,-0.23172275527186822,0.17283278373673508,-0.23258162239038324,-0.05100261934435998,-0.4379561030206039,-0.3659331910553431,-0.5337629306010224,-0.19175813352805104,-0.7574253264247357,-0.34133704841781576,0.11894038055822559,-0.18689240729311218,-0.5355497885294869,-0.11741262895844258,-0.6419961444926185,-0.34936478625987044,0.12399978039119637,-0.3287691946859066,-0.15162195788948468,0.09575186092227922,-0.5196650725221741,-0.260961946245443,-0.03673816419308407,-0.2533424114345898
2019-08-01,-0.6342656298021236,-1.046783008675196,1.2816141581163396,-0.24759163897553174,0.07094990909363656,-0.21781929465163216,-0.12403900850761267,-0.3182733090861593,-0.264039565048314,-0.5970323099486771,-0.2311223255138961,-0.7411251401951282,-0.36694855606072124,0.2125704524753824,-0.11201667209936339,-0.5073250963896476,-0.13465474603682756,-0.6432463153052987,-0.37945359922377914,0.15423200334210024,-0.28146465204304943,-0.126931470455832,0.09146115757401908,-0.48373230646468407,-0.2654020695285564,-0.03744788697708148,-0.23069909587847892
2019-09-01,-0.016519898721017605,-0.8621460869753569,-1.3318875003564876,-0.2195121211382147,0.002853933222986702,-0.28550699463324314,-0.15808943432595346,-0.12575870778326115,-0.36126178614118226,-0.6896773894447435,-0.1320848245049027,-0.737750283551192,-0.3989654186054345,0.21765190008189572,-0.18284505356555072,-0.5316534844289469,-0.1600178163028194,-0.6541857105737272,-0.3914727414691755,0.11189895574615452,-0.2973401330611729,-0.07615122939584479,0.08583835165712823,-0.44515159462616205,-0.25936179225077516,-0.055297445346060105,-0.2589870060760977
2019-10-01,-0.29795870364652477,-0.13085329919359343,0.523460804026298,0.08805415267900078,-0.09196602375025513,-1.128917434734358,-0.14800188553894464,0.022889969220515966,-0.34345903155359786,-0.7063023872190163,-0.0930762987301898,-0.7584518380974363,-0.3913358857790307,0.2288818465865191,-0.1500747018008187,-0.516481214453979,-0.18912827161268606,-0.6802310540946188,-0.37992892673602324,0.13154217559169326,-0.25006483216987896,-0.024590696093906732,0.07758304347315967,-0.39820750441100744,-0.2543769550340572,-0.0649778993977946,-0.2647427048387662
2019-11-01,-1.0213690161490412,-0.7168807063486508,-0.09534212161641747,-0.35342879203666194,-0.1638237358070874,-1.8014299381262677,-0.20968808319074597,-0.028029709565978084,-0.35636944874537874,-0.7354504139946291,-0.08861092043529055,-0.7452911315909284,-0.3723975578841497,0.21954279988826872,-0.16952187580051062,-0.4421494293885335,-0.22730173972782244,-0.6664941554405073,-0.3880839268722782,0.12544078347563065,-0.25489071292509924,0.043278389020280666,0.05595484347053749,-0.35472764229819004,-0.260538157907545,-0.07065238702798192,-0.2695282147942649
2019-12-01,-1.261160160816522,0.2918594420249231,-0.12051276743232908,-0.9872007786163713,-0.23172275527186822,-1.5598546089741292,-0.23258162239038324,0.44197261356908873,-0.4379561030206039,-0.7783174375122837,-0.06491447489190068,-0.7248373495077343,-0.37900183388936054,0.1966562172669776,-0.20480176368402433,-0.43451370173399967,-0.23845599955341001,-0.6724830672713954,-0.4107954984043638,0.11300218595607538,-0.27757741520765367,0.14341115670301102,0.05209393427807537,-0.31770089660533574,-0.27554238853577717,-0.06552370392321746,-0.29619392409350864
2020-01-01,0.16598675348218916,-0.5947033818941335,-1.4627289108136323,-1.254088592435244,-0.24759163897553174,-1.4760733269942692,-0.21781929465163216,0.6357039584141299,-0.3182733090861593,-0.8542715855382638,-0.00023057285260958313,-0.700283194044759,-0.3670567929088288,0.17182338276051698,-0.1865293947297221,-0.40686911905195733,-0.27249147498513576,-0.7042651545925186,-0.3956645511387212,0.17011231443710276,-0.22450780457018904,0.21065000827005426,0.037665796682481795,-0.27532709213162854,-0.24090644450008372,-0.05960578244197875,-0.2995711906895741
2020-02-01,0.856964726605206,-1.1013686495507402,0.7325226672892047,-1.3668974036340895,-0.2195121211382147,-1.4312476610458968,-0.28550699463324314,0.7910740960061077,-0.12575870778326115,-0.8845528912196275,0.005501042868812016,-0.7067223273749356,-0.35729686170070724,0.2587407451997929,-0.16830810495690218,-0.3601305828069943,-0.24852523094919285,-0.7295603700851738,-0.4027429407122544,0.2121379200650631,-0.18766307510633595,0.2812307687006847,0.04898641462482319,-0.22372177439495677,-0.25500410098722553,-0.046014544431102845,-0.28667070638985365
2020-03-01,2.9998987255853464,-8.860752116161473,2.4499439733376316,-1.4503046879831238,0.08805415267900078,-1.3514615585947716,-1.128917434734358,0.6993433652121054,0.022889969220515966,-0.9127373300813396,0.127523427920456,-0.7667352014765051,-0.7315051945300892,0.27327718468450346,-0.11961521223836165,-0.2939969562050225,-0.17913668404620728,-0.736639534764672,-0.6619303003910928,0.20935573264392807,-0.11986284322908126,0.33449396026130673,0.07031981713800735,-0.19383275912237782,-0.3980372936981102,-0.06947102875774099,-0.2560912854152715
2020-04-01,-4.793928753825358,-8.123292590180474,-1.241618112089455,-1.4154587076610197,-0.35342879203666194,-1.358814241868919,-1.8014299381262677,0.8190254793142205,-0.028029709565978084,-0.8582181732619242,-0.040560650313623235,-0.8533001039790182,-0.9627080667045963,0.32837346023615954,-0.1579425965230423,-0.26185178540606,-0.3129257935369519,-0.713118149496335,-0.8656562218961485,0.1881168354530085,-0.1377518479218885,0.41368373610400533,-0.01148695379256388,-0.17127745193763735,-0.5417484619077565,-0.08995998764462967,-0.2762612879289767
2020-05-01,-6.748187222060453,2.395536371579657,5.63928807791681,-1.3789348042390035,-0.9872007786163713,-1.3425803776429126,-1.5598546089741292,0.7825446313301353,0.44197261356908873,-0.7993778897875078,-0.33084472575707513,-0.9377481355192981,-0.8369945459657634,0.33208891695349924,0.030687753764865506,-0.23132352357250793,-0.46145528977321604,-0.652969781198975,-0.7793873109285521,0.12815529492308458,0.031239861058797662,0.4698311080520176,-0.14157395448464427,-0.1485112767364925,-0.4967919739871366,-0.0988070341300989,-0.1755316138311408
2020-06-01,-3.1751110537732474,0.7482862488443884,1.188301099519611,-1.3928111392174802,-1.254088592435244,-1.2399866158247226,-1.4760733269942692,0.7496818832793339,0.6357039584141299,-0.81452621615211,-0.5337629306010224,-0.9516573594283942,-0.7574253264247357,0.3598018319537919,0.11894038055822559,-0.15775988841271016,-0.555087438068746,-0.6057017208723331,-0.743923206346317,0.09764255663575733,0.08570882125313156,0.5195783684998686,-0.20989074599459692,-0.1051148246394504,-0.47366143946346095,-0.1528490988861194,-0.14242132874910468
2020-07-01,-2.4771186104875276,0.8261258439798904,1.9298477841757196,-1.4768204158046592,-1.3668974036340895,-1.167984765699135,-1.4312476610458968,0.7816028685416377,0.7910740960061077,-0.7035850441945355,-0.5970323099486771,-1.0370090689611768,-0.7411251401951282,0.45408007030449343,0.2125704524753824,-0.09148818201968711,-0.5834712235633971,-0.5328401632627205,-0.7046405859605094,0.07036177387897895,0.13909642713996118,0.5790546830780142,-0.25575884180589364,-0.09106438869435175,-0.45243260084898845,-0.17912360486668666,-0.12742677309229453
2020-08-01,-1.6351530419905356,-0.08934977926169341,0.1808453885883103,-1.5215141434637236,-1.4503046879831238,-1.195625360098239,-1.3514615585947716,0.8357547994857449,0.6993433652121054,-0.626612266078859,-0.6896773894447435,-1.0688392454555808,-0.737750283551192,0.5011734756252662,0.21765190008189572,-0.021591522099761402,-0.637516446336972,-0.48316239118629617,-0.6951195569054045,0.05600355657966684,0.15843667367112615,0.6245823830025935,-0.33291556236267833,-0.06795637902235499,-0.4304238998239427,-0.18805520679916007,-0.13994326168983054
2020-09-01,0.40163186514423405,-0.9503782862651294,0.10429786886889368,-1.605962539024465,-1.4154587076610197,-1.2479634083197675,-1.358814241868919,0.672313077152268,0.8190254793142205,-0.47647038885435217,-0.7063023872190163,-1.0429397978932018,-0.7584518380974363,0.44605338149004914,0.2288818465865191,0.04843580824338007,-0.559876118890275,-0.43434538187576327,-0.7189150263599293,0.05358109693514874,0.1511117907277063,0.6500381251945618,-0.3470997406522487,-0.04906045509739816,-0.45123923708475006,-0.22197838505306963,-0.14153447064582877
2020-10-01,0.14032813741766842,0.06395307151848557,0.08569062821727522,-1.8044904992028492,-1.3789348042390035,-0.5776827732236782,-1.3425803776429126,0.6338569512518031,0.7825446313301353,-0.39420464472058353,-0.7354504139946291,-0.9906325070815258,-0.7452911315909284,0.4628061462501039,0.21954279988826872,0.1675035747826964,-0.5216958005664609,-0.3780546852053724,-0.7084173830669912,0.01919633397292892,0.16079840924283262,0.6829215509244949,-0.3223057176657985,-0.04403288867943064,-0.46398200230890835,-0.2540652031090013,-0.13654510033039768
2020-11-01,-1.1878850358907607,0.5142444354696284,-0.4896950982260322,-1.245326987538354,-1.3928111392174802,-0.07406633291232889,-1.2399866158247226,0.6922075434729763,0.7496818832793339,-0.30100227348363445,-0.7783174375122837,-0.9054537290289901,-0.7248373495077343,0.3639624581614258,0.1966562172669776,0.2672468445585324,-0.5233443266960204,-0.3260331613095906,-0.6615939105310074,0.010654633019925927,0.13687937722610422,0.7260729469035552,-0.3459901951534254,-0.0029555864672020492,-0.45480495417671585,-0.273465809513643,-0.15143330188362022
2020-12-01,-2.2692714798626725,1.1558816435319768,0.26253905571531677,-0.641851653687849,-1.4768204158046592,-0.34346010988265946,-1.167984765699135,0.27763105033849506,0.7816028685416377,-0.1547279647155216,-0.8542715855382638,-0.8037085397131266,-0.700283194044759,0.32464855932632536,0.17182338276051698,0.37140695807277735,-0.5355497885294869,-0.2700657197383837,-0.6419961444926185,0.006878170258869526,0.12399978039119637,0.7368619157795382,-0.3863906983758846,0.013143363880924528,-0.4633639258291037,-0.3151977296283826,-0.16905126630311046
2021-01-01,-0.37033797842658206,-0.9263905146833827,-0.8129057394843466,-0.1530814959538274,-1.5215141434637236,-0.5979448109280846,-1.195625360098239,0.2724561821948572,0.8357547994857449,-0.02137089539359663,-0.8845528912196275,-0.6829694336988893,-0.7067223273749356,0.3245207123287704,0.2587407451997929,0.4881412543737553,-0.5073250963896476,-0.20697972287115357,-0.6432463153052987,0.026849527481613806,0.15423200334210024,0.7150533581214426,-0.4453689679211253,0.02690394973464359,-0.4584312716313359,-0.33215211381280413,-0.1713525800434114
2021-02-01,-0.15641602012368927,-1.729425228209082,-1.2287780007125189,0.1136728714763714,-1.605962539024465,-0.7064308298652651,-1.2479634083197675,0.21127285524442443,0.672313077152268,0.09140853633812372,-0.9127373300813396,-0.6158339394536282,-0.7667352014765051,0.24314198941257992,0.27327718468450346,0.5965567035198419,-0.5316534844289469,-0.14531159171305072,-0.6541857105737272,0.04790403081023673,0.11189895574615452,0.7268640979353135,-0.46975968514484506,0.030179053443554628,-0.5113566602131147,-0.35131894030150107,-0.17957283555716463
2021-03-01,0.6175632034447341,-0.8173844950084037,1.9884704625320526,0.4973639102744194,-1.8044904992028492,-0.7344180371916322,-0.5776827732236782,0.1927633977679928,0.6338569512518031,0.18240977293417737,-0.8582181732619242,-0.5087645754970235,-0.8533001039790182,0.14325099929435367,0.32837346023615954,0.711571484111442,-0.516481214453979,-0.0784222278301488,-0.6802310540946188,-0.0411072665299927,0.13154217559169326,0.7349123745230118,-0.46137051950794894,0.027354312684730618,-0.5415548766815752,-0.34968057340085773,-0.10770950788548564
2021-04-01,1.9160333861485856,-2.079895306444282,-0.5414110054353743,0.6270494182198522,-1.245326987538354,-0.6224507722941327,-0.07406633291232889,0.10658681318598734,0.6922075434729763,0.20722828583454414,-0.7993778897875078,-0.0026233104408795636,-0.9377481355192981,0.017349516349135407,0.33208891695349924,0.7775294431766108,-0.4421494293885335,-0.019485474159105825,-0.6664941554405073,-0.028036610364015564,0.12544078347563065,0.7287085531353026,-0.40346662810253886,0.013921712872459928,-0.5685979660790339,-0.35483864737929177,-0.08707852992791586
2021-05-01,0.49351678414560546,-0.8371889520643092,0.6643701603030339,0.7769302572717343,-0.641851653687849,-0.4683270804150678,-0.34346010988265946,-0.05461971500728369,0.27763105033849506,0.5775846628561295,-0.81452621615211,0.4116652270987478,-0.9516573594283942,0.02999680431287793,0.3598018319537919,0.8451027125734893,-0.43451370173399967,0.013371795958532976,-0.6724830672713954,-0.0646285890162857,0.11300218595607538,0.7127582048895873,-0.4039263230788598,-0.023307866010689068,-0.5833031234478909,-0.3558058715621619,-0.05977061537306886
2021-06-01,2.690130839035012,-2.305530163700714,1.1262026817959556,1.0833552097864365,-0.1530814959538274,-0.3674304636015308,-0.5979448109280846,-0.10038476462668329,0.2724561821948572,1.0507108264173517,-0.7035850441945355,0.3748287248794888,-1.0370090689611768,-0.21066905139624012,0.45408007030449343,0.9250378944566413,-0.40686911905195733,0.07307366419034916,-0.7042651545925186,-0.14173391427652515,0.17011231443710276,0.686105581944057,-0.36632465937261494,-0.04828978977492187,-0.6121390818562256,-0.3735036509828236,-0.03405188989176654
2021-07-01,0.7239337986748579,-0.4757063832662751,1.1956478607705274,1.4340786250174657,0.1136728714763714,-0.19795410169864391,-0.7064308298652651,-0.13256144388409705,0.21127285524442443,1.3592561777782548,-0.626612266078859,0.4275670791904042,-1.0688392454555808,-0.2775776879846442,0.5011734756252662,1.0083674550579576,-0.3601305828069943,0.10089390810232086,-0.7295603700851738,-0.16200483232179483,0.2121379200650631,0.6357429699823374,-0.3210924838066092,-0.05989210243508556,-0.6371545699381547,-0.3911355129812394,0.0032078734385624845
2021-08-01,2.9691394235860398,-0.42519626717809955,-0.04126810112886968,1.7043312161399706,0.4973639102744194,-0.03604251880901769,-0.7344180371916322,-0.3494708206605852,0.1927633977679928,1.5782837570968073,-0.47647038885435217,0.49765644295337214,-1.0429397978932018,-0.3236810017876988,0.44605338149004914,1.0411243535727288,-0.2939969562050225,0.1314438969019609,-0.736639534764672,-0.18907241484545204,0.20935573264392807,0.6148262443630329,-0.2713810031638374,-0.0841628980134931,-0.6448480786915484,-0.3784356263645899,0.009542561370189951
2021-09-01,1.957857960489429,0.39322889250486476,-0.9298211461151716,1.970782084892819,0.6270494182198522,0.23043425732572045,-0.6224507722941327,-0.3858110785635606,0.10658681318598734,1.7925095701587248,-0.39420464472058353,0.5580974375521625,-0.9906325070815258,-0.4113325824010417,0.4628061462501039,1.0797295134117282,-0.26185178540606,0.15643048263814127,-0.713118149496335,-0.25775857178384787,0.1881168354530085,0.6005791886662872,-0.2536925476699251,-0.1092154225305381,-0.6311366477141157,-0.3659658665335757,0.006718378663337804
2021-10-01,1.9388982060402529,1.9134373740672646,-1.8487877101019772,2.218947070871937,0.7769302572717343,0.5724361523419191,-0.4683270804150678,-0.5991579185535323,-0.05461971500728369,1.8740235185954257,-0.30100227348363445,0.6501789096958007,-0.9054537290289901,-0.4515676552031336,0.3639624581614258,1.0531869662605209,-0.23132352357250793,0.414281981887675,-0.652969781198975,-0.3436985303560945,0.12815529492308458,0.6035222819730979,-0.23387787236106544,-0.12857810630423144,-0.59013884765321,-0.37941264199997815,-0.004453916037357087
2021-11-01,2.4892143942856677,1.725003837232073,-1.0388756936588275,2.400496313250613,1.0833552097864365,0.8973967871098246,-0.3674304636015308,-0.6322139348472205,-0.10038476462668329,1.9571214709797358,-0.1547279647155216,0.6913478827592557,-0.8037085397131266,-0.48821519918949613,0.32464855932632536,1.2371620117150075,-0.15775988841271016,0.6368794003577275,-0.6057017208723331,-0.35048128484071017,0.09764255663575733,0.586960145559038,-0.19827222972290215,-0.14887207486391932,-0.5543337720086176,-0.3713211798420686,-0.023075004024529413
2021-12-01,1.9394095029096772,3.1895979863666195,-0.12358109537364849,2.743273306522552,1.4340786250174657,1.0931175596416371,-0.19795410169864391,-0.6989691531309753,-0.13256144388409705,2.0839624112937023,-0.02137089539359663,0.7296038041978851,-0.6829694336988893,-0.5874418130544546,0.3245207123287704,1.448666343470614,-0.09148818201968711,0.5799019704453832,-0.5328401632627205,-0.545788051890548,0.07036177387897895,0.5389878346379066,-0.15162195788948468,-0.16054733468188315,-0.5196650725221741,-0.3655655415695904,-0.03673816419308407
2022-01-01,2.8726931150434774,1.0165484799921316,-3.415818260802204,2.8715938515103367,1.7043312161399706,1.453078969308893,-0.03604251880901769,-0.8276115581641456,-0.3494708206605852,2.2509613904892656,0.09140853633812372,0.7353332450030488,-0.6158339394536282,-0.6338086827535111,0.24314198941257992,1.547597550603086,-0.021591522099761402,0.5497901338408966,-0.48316239118629617,-0.6328804433934906,0.05600355657966684,0.533356280042101,-0.126931470455832,-0.18767442601296225,-0.48373230646468407,-0.3412615238847796,-0.03744788697708148
2022-02-01,3.040994404910494,1.4682960854077758,-1.6648610955482246,3.042894642717244,1.970782084892819,1.7017437157720092,0.23043425732572045,-0.8586348588198222,-0.3858110785635606,2.322443602090955,0.18240977293417737,0.7949785254020608,-0.5087645754970235,-0.7014860220110505,0.14325099929435367,1.609461703191307,0.04843580824338007,0.5443818492026766,-0.43434538187576327,-0.7272452021527567,0.05358109693514874,0.5309316929937574,-0.07615122939584479,-0.21283888909685766,-0.44515159462616205,-0.34077071088358163,-0.055297445346060105
2022-03-01,3.595543035194149,3.286638245185981,-0.571691617347607,3.0876552300430298,2.218947070871937,1.8506129122959571,0.5724361523419191,-1.0154285625700763,-0.5991579185535323,2.422575539629825,0.20722828583454414,0.8586274281170957,-0.0026233104408795636,-0.7227943962519059,0.017349516349135407,1.684638883834849,0.1675035747826964,0.5374240435086791,-0.3780546852053724,-0.7279022223893601,0.01919633397292892,0.5134477650546289,-0.024590696093906732,-0.21381229002306562,-0.39820750441100744,-0.3560383538937741,-0.0649778993977946
2022-04-01,4.094624294692691,1.8196323107705838,-0.9380832009596344,3.1209976189709994,2.400496313250613,1.9228085916857343,0.8973967871098246,-1.0097221235922544,-0.6322139348472205,2.4820256989922056,0.5775846628561295,0.9102643594433517,0.4116652270987478,-0.8324762711600432,0.02999680431287793,1.6853825133715152,0.2672468445585324,0.5288374135190574,-0.3260331613095906,-0.7439856433564991,0.010654633019925927,0.49629520074976546,0.043278389020280666,-0.22989857069003783,-0.35472764229819004,-0.34553126148671726,-0.07065238702798192
2022-05-01,4.606840703408877,1.5114603183174413,-0.13669245910202193,3.137312684687737,2.743273306522552,1.8510228459335794,1.0931175596416371,-0.9218106833717087,-0.6989691531309753,2.478406511341688,1.0507108264173517,0.9923522669927558,0.3748287248794888,-0.8718256989975536,-0.21066905139624012,1.678230617479065,0.37140695807277735,0.45801431104280393,-0.2700657197383837,-0.7393716525291156,0.006878170258869526,0.48589438509441685,0.14341115670301102,-0.22555494883958918,-0.31770089660533574,-0.37066057583493983,-0.06552370392321746
2022-06-01,4.229977378888426,2.0140067523063547,-0.4175061786020872,3.084569612800967,2.8715938515103367,1.8266380719973008,1.453078969308893,-1.0744988614822262,-0.8276115581641456,2.493925342049845,1.3592561777782548,1.0415830106094044,0.4275670791904042,-0.9574976030050695,-0.2775776879846442,1.662387594914951,0.4881412543737553,0.40274191671361975,-0.20697972287115357,-0.7536102298160244,0.026849527481613806,0.5030981995825076,0.21065000827005426,-0.2408405169639078,-0.27532709213162854,-0.3742351379731008,-0.05960578244197875
2022-07-01,2.7795432931577424,2.508270574291123,0.823368252902409,3.0678441559610654,3.042894642717244,1.668620591704741,1.7017437157720092,-1.1350559216229252,-0.8586348588198222,2.3979370738815424,1.5782837570968073,1.1236576062253871,0.49765644295337214,-1.0855487561876644,-0.3236810017876988,1.6290860069960713,0.5965567035198419,0.3670352919713634,-0.14531159171305072,-0.7664414434757435,0.04790403081023673,0.5108052450719801,0.2812307687006847,-0.25344853872308415,-0.22372177439495677,-0.3701114574593222,-0.046014544431102845
2022-08-01,3.506266471495477,1.361234091109273,-1.92279254613192,2.940555988041939,3.0876552300430298,1.625999569613139,1.8506129122959571,-1.053501223361516,-1.0154285625700763,2.357356119048775,1.7925095701587248,1.1697881887366475,0.5580974375521625,-1.1965042308513472,-0.4113325824010417,1.6144123347514734,0.711571484111442,0.33087672156080195,-0.0784222278301488,-0.8032198740741783,-0.0411072665299927,0.5091795372560564,0.33449396026130673,-0.28475903135891073,-0.19383275912237782,-0.3788776600879895,-0.06947102875774099
2022-09-01,2.357966627625058,1.2595770451821904,-0.8613438783813108,2.8743689943668307,3.1209976189709994,1.4868205989084708,1.9228085916857343,-1.059777713940251,-1.0097221235922544,2.2782763706150635,1.8740235185954257,1.1733450838588348,0.6501789096958007,-1.1882350324680364,-0.4515676552031336,1.6094568678313719,0.7775294431766108,0.3291310967667734,-0.019485474159105825,-0.7921279006789618,-0.028036610364015564,0.5031564554918943,0.41368373610400533,-0.2782053557731203,-0.17127745193763735,-0.40651708687877225,-0.08995998764462967
2022-10-01,2.1346789946411056,1.0520084250414035,-0.7938504274554266,2.7451043271124735,3.137312684687737,1.2480925665447842,1.8510228459335794,-1.065794623766554,-0.9218106833717087,2.2145490609473466,1.9571214709797358,1.1044815064256526,0.6913478827592557,-1.1692718716277422,-0.48821519918949613,1.5780159187964462,0.8451027125734893,0.35456989214562645,0.013371795958532976,-0.8512700434907364,-0.0646285890162857,0.46726412170904147,0.4698311080520176,-0.13878481430610823,-0.1485112767364925,-0.4555139186727789,-0.0988070341300989
2022-11-01,1.8562975316444335,1.4323865499967319,-2.8711338309850385,2.5563167094327635,3.084569612800967,1.0873077468756869,1.8266380719973008,-1.1114374631478865,-1.0744988614822262,2.1288807975827306,2.0839624112937023,0.92118500677174,0.7296038041978851,-1.0817476212900317,-0.5874418130544546,1.511185502456735,0.9250378944566413,0.37704529890633337,0.07307366419034916,-0.8402612443724471,-0.14173391427652515,0.5648434865368606,0.5195783684998686,-0.01422280138078635,-0.1051148246394504,-0.4371730953992058,-0.1528490988861194
2022-12-01,1.7387040208308577,1.2933882228559046,-0.8502658170620365,2.2445773775771376,3.0678441559610654,0.9900484615771717,1.668620591704741,-1.2160260528791638,-1.1350559216229252,1.9519037874792078,2.2509613904892656,0.7878281068711951,0.7353332450030488,-1.080222962410695,-0.6338086827535111,1.4413305351645844,1.0083674550579576,0.3668593484824576,0.10089390810232086,-0.8491437905851786,-0.16200483232179483,0.6362172517647472,0.5790546830780142,-0.05506524496395509,-0.09106438869435175,-0.528883684523337,-0.17912360486668666
2023-01-01,1.3452351000139575,0.5050962148929077,-2.437161881665293,1.9242802962527483,2.940555988041939,0.7942362431418811,1.625999569613139,-1.3434859542111832,-1.053501223361516,1.7265896979853743,2.322443602090955,0.649529988806367,0.7949785254020608,-1.083381443271567,-0.7014860220110505,1.357983829533192,1.0411243535727288,0.37854866928584757,0.1314438969019609,-0.871489253344295,-0.18907241484545204,0.695334589517697,0.6245823830025935,-0.07701835465140656,-0.06795637902235499,-0.5756506434932784,-0.18805520679916007
2023-02-01,2.246750480809186,-0.20185156304824634,-1.7401789824930454,1.671817595380306,2.8743689943668307,0.6378326617012854,1.4868205989084708,-1.5343736028828723,-1.059777713940251,1.569452894057224,2.422575539629825,0.5143363417457117,0.8586274281170957,-1.030094400780975,-0.7227943962519059,1.3026276657088347,1.0797295134117282,0.3578280151422912,0.15643048263814127,-0.9020668352228134,-0.25775857178384787,0.7056688874809567,0.6500381251945618,-0.07758012072347391,-0.04906045509739816,-0.609402455417226,-0.22197838505306963
2023-03-01,2.044367028141873,0.42190185682174275,-0.6438945352632452,1.468897511187097,2.7451043271124735,0.4960772554217124,1.2480925665447842,-1.3610415023659967,-1.065794623766554,1.4287942593006477,2.4820256989922056,0.37847951648729977,0.9102643594433517,-0.9952863117366623,-0.8324762711600432,1.1733932009939496,1.0531869662605209,0.33893938189035855,0.414281981887675,-0.8907661774829896,-0.3436985303560945,0.728563957630749,0.6829215509244949,-0.08322951729037854,-0.04403288867943064,-0.6293474041155874,-0.2540652031090013
2023-04-01,1.8291728825361677,-0.10978552525858405,-1.4857972735356217,1.308100502923694,2.5563167094327635,0.2861544211655707,1.0873077468756869,-1.3288216196632299,-1.1114374631478865,1.2575503427587005,2.478406511341688,0.24563676204748006,0.9923522669927558,-0.9773261059593387,-0.8718256989975536,1.0899617643966648,1.2371620117150075,0.27725738690428764,0.6368794003577275,-0.8844228666445981,-0.35048128484071017,0.7091423139823433,0.7260729469035552,-0.07815167586036716,-0.0029555864672020492,-0.655409430209053,-0.273465809513643
2023-05-01,0.8659687211413725,0.3443488947352599,-1.39175553587735,1.1204489104777235,2.2445773775771376,-0.008652832390099471,0.9900484615771717,-1.2416845592083545,-1.2160260528791638,1.0665300970597962,2.493925342049845,0.11686955480458767,1.0415830106094044,-0.9442848991350602,-0.9574976030050695,1.0104921574797845,1.448666343470614,0.22771090462001156,0.5799019704453832,-0.8604092651658503,-0.545788051890548,0.6930976002486571,0.7368619157795382,-0.07598468553234518,0.013143363880924528,-0.6758158490586982,-0.3151977296283826
2023-06-01,0.3864124029957507,-0.33573986891713203,-1.947024994586321,0.8192379621574478,1.9242802962527483,-0.25098185825491065,0.7942362431418811,-1.0859470633391637,-1.3434859542111832,0.7903591494856005,2.3979370738815424,0.0037302429028678308,1.1236576062253871,-0.9242311093122804,-1.0855487561876644,0.9416489757811937,1.547597550603086,0.13440483153557148,0.5497901338408966,-0.8401576028393848,-0.6328804433934906,0.7008400919907145,0.7150533581214426,-0.08024107735647196,0.02690394973464359,-0.6707440506897037,-0.33215211381280413
2023-07-01,-0.2500091173115646,0.6314275970039739,-1.4672835311578611,0.3853352400096826,1.671817595380306,-0.3695606140920071,0.6378326617012854,-1.0317069649202084,-1.5343736028828723,0.6011788185446197,2.357356119048775,-0.15871648072567515,1.1697881887366475,-0.8934281009343695,-1.1965042308513472,0.8655893387156978,1.609461703191307,0.03289872459411944,0.5443818492026766,-0.833199570651384,-0.7272452021527567,0.7031030664959179,0.7268640979353135,-0.08066352843087395,0.030179053443554628,-0.6641556607328643,-0.35131894030150107
2023-08-01,1.0712254611769663,-0.33983078424560403,0.15719266007059104,0.1983498000725096,1.468897511187097,-0.5973268861217159,0.4960772554217124,-1.0066875782004336,-1.3610415023659967,0.4324941772046304,2.2782763706150635,-0.31412983517256804,1.1733450838588348,-0.9237828234243092,-1.1882350324680364,0.7876935378680117,1.684638883834849,-0.06404242596243227,0.5374240435086791,-0.7935574264217023,-0.7279022223893601,,0.7349123745230118,,0.027354312684730618,,-0.34968057340085773
2023-09-01,0.42840252846422405,-1.259496965891509,-0.4747052859481109,-0.01678047576553465,1.308100502923694,-0.7298615659338711,0.2861544211655707,-0.9307949095330734,-1.3288216196632299,0.21626218646940923,2.2145490609473466,-0.4168973833124408,1.1044815064256526,-0.8284349849394462,-1.1692718716277422,0.7169875771970389,1.6853825133715152,-0.12449920929051814,0.5288374135190574,-0.7730291443275229,-0.7439856433564991,,0.7287085531353026,,0.013921712872459928,,-0.35483864737929177
2023-10-01,-0.1171401147105409,-2.4856786176266388,0.2517942980030782,-0.2300036415950729,1.1204489104777235,-0.7568190424498241,-0.008652832390099471,-0.8888575881521231,-1.2416845592083545,0.07444383710949769,2.1288807975827306,-0.5455182154864358,0.92118500677174,-0.8217732381707696,-1.0817476212900317,0.6406213456253731,1.678230617479065,-0.22955915021626064,0.45801431104280393,-0.7707562086873885,-0.7393716525291156,,0.7127582048895873,,-0.023307866010689068,,-0.3558058715621619
2023-11-01,-1.7582338481988753,-1.4755617603810027,-1.0022838805547492,-0.4232565153131711,0.8192379621574478,-0.8535686372665116,-0.25098185825491065,-0.777132335122234,-1.0859470633391637,-0.05291810612419179,1.9519037874792078,-0.5839450660367723,0.7878281068711951,-0.8297085560629212,-1.080222962410695,0.5563493689906813,1.662387594914951,-0.29814815370047576,0.40274191671361975,-0.7486196952072617,-0.7536102298160244,,0.686105581944057,,-0.04828978977492187,,-0.3735036509828236
2023-12-01,-3.468128644942324,-0.12955684718925173,-0.19938463603457315,-0.6638590786059371,0.3853352400096826,-0.9825879757714361,-0.3695606140920071,-0.6324361657453967,-1.0317069649202084,-0.1298113427286933,1.7265896979853743,-0.7117117886952933,0.649529988806367,-0.7229869735179643,-1.083381443271567,0.35988820199634414,1.6290860069960713,-0.34166122485958433,0.3670352919713634,-0.741026773274735,-0.7664414434757435,,0.6357429699823374,,-0.05989210243508556,,-0.3911355129812394
2024-01-01,-0.8985901792321195,-2.2280990494635984,-2.1369292410279956,-0.721922659163509,0.1983498000725096,-1.1116692045932315,-0.5973268861217159,-0.4433702476575559,-1.0066875782004336,-0.2355380699069861,1.569452894057224,-0.7849622089611916,0.5143363417457117,-0.6822713951656132,-1.030094400780975,0.25272019734399176,1.6144123347514734,-0.41340864387928034,0.33087672156080195,-0.7743659471657013,-0.8032198740741783,,0.6148262443630329,,-0.0841628980134931,,-0.3784356263645899
2024-02-01,-0.3348128292473452,-1.792267720794109,-0.8294669584847233,-0.8068292409710457,-0.01678047576553465,-1.2660923320464215,-0.7298615659338711,-0.31319204396574574,-0.9307949095330734,-0.2887376872189522,1.4287942593006477,-0.9090634237502181,0.37847951648729977,-0.6635855279517955,-0.9952863117366623,0.12392564107038957,1.6094568678313719,-0.46107116317470453,0.3291310967667734,-0.7998834245035774,-0.7921279006789618,,0.6005791886662872,,-0.1092154225305381,,-0.3659658665335757
2024-03-01,-0.5143109618125858,0.09841213863030689,-0.14064667869184044,-1.0363731382482786,-0.2300036415950729,-1.3298720220465938,-0.7568190424498241,-0.2958284675128959,-0.8888575881521231,-0.3617031313878567,1.2575503427587005,-0.9301591133900127,0.24563676204748006,-0.6296548595211587,-0.9773261059593387,0.019266882612098444,1.5780159187964462,-0.5107808205187392,0.35456989214562645,-0.774690618591951,-0.8512700434907364,,0.6035222819730979,,-0.12857810630423144,,-0.37941264199997815
2024-04-01,-0.4898616020810107,-1.270780663058833,-0.14509423717695327,-1.159212828704699,-0.4232565153131711,-1.3771908521384424,-0.8535686372665116,-0.3147248566783096,-0.777132335122234,-0.41162014511817735,1.0665300970597962,-0.968385008596783,0.11686955480458767,-0.6232370011478056,-0.9442848991350602,-0.06744515575971172,1.511185502456735,-0.5637053995644791,0.37704529890633337,-0.7913039468796659,-0.8402612443724471,,0.586960145559038,,-0.14887207486391932,,-0.3713211798420686
2024-05-01,-2.021262038371819,-1.2038831673238353,0.3445984966446976,-1.2262851227261073,-0.6638590786059371,-1.159237299683445,-0.9825879757714361,-0.4177325529174876,-0.6324361657453967,-0.4436343012303598,0.7903591494856005,-0.9908761039885571,0.0037302429028678308,-0.5672108112369493,-0.9242311093122804,-0.14958498023872863,1.4413305351645844,-0.5875397310600791,0.3668593484824576,-0.8008829489714993,-0.8491437905851786,,0.5389878346379066,,-0.16054733468188315,,-0.3655655415695904
2024-06-01,-0.31035056369511305,-1.8847146147786769,0.3217660224677684,-1.0788606476148346,-0.721922659163509,-1.1724417191356757,-1.1116692045932315,-0.36002688369676455,-0.4433702476575559,-0.5824563857940528,0.6011788185446197,-1.0075160680779625,-0.15871648072567515,-0.5035271334725205,-0.8934281009343695,-0.22124145421127728,1.357983829533192,-0.6201376650593765,0.37854866928584757,-0.7262788757798697,-0.871489253344295,,0.533356280042101,,-0.18767442601296225,,-0.3412615238847796
2024-07-01,-1.2688880990020035,-1.2216499324343064,0.0948549131438608,-0.8564113798236551,-0.8068292409710457,-1.200363803830376,-1.2660923320464215,-0.3328358254110179,-0.31319204396574574,-0.5830598521103866,0.4324941772046304,-1.0172310873898611,-0.31412983517256804,-0.48980594364296026,-0.9237828234243092,-0.3288024828329807,1.3026276657088347,-0.6246613773868224,0.3578280151422912,-0.6843869793857662,-0.9020668352228134,,0.5309316929937574,,-0.21283888909685766,,-0.34077071088358163
2024-08-01,-1.6833013061498303,-1.1051870642476729,0.3655555775047899,-0.7758251745104142,-1.0363731382482786,-1.2207999613787204,-1.3298720220465938,-0.32048347770315727,-0.2958284675128959,-0.6500203360845688,0.21626218646940923,-1.0105230756126997,-0.4168973833124408,-0.4326383353139298,-0.8284349849394462,,1.1733932009939496,,0.33893938189035855,,-0.8907661774829896,,0.5134477650546289,,-0.21381229002306562,,-0.3560383538937741
2024-09-01,-1.0456737570128196,-1.8273229269936895,-0.7014619559330748,-0.706625787010179,-1.159212828704699,-1.1304566608461541,-1.3771908521384424,-0.3285148095092439,-0.3147248566783096,-0.7055484316754007,0.07444383710949769,-1.014209858488965,-0.5455182154864358,-0.4815151767049282,-0.8217732381707696,,1.0899617643966648,,0.27725738690428764,,-0.8844228666445981,,0.49629520074976546,,-0.22989857069003783,,-0.34553126148671726
2024-10-01,-0.9220076429674416,0.1297640118333274,-0.9842980568670596,-0.593236648641282,-1.2262851227261073,-1.1799509747437422,-1.159237299683445,-0.35761641414348794,-0.4177325529174876,-0.7552179851014147,-0.05291810612419179,-0.9886353099295039,-0.5839450660367723,-0.5225451104878839,-0.8297085560629212,,1.0104921574797845,,0.22771090462001156,,-0.8604092651658503,,0.48589438509441685,,-0.22555494883958918,,-0.37066057583493983
2024-11-01,0.010859853136397478,-1.634014793807771,-0.3098158499060724,-0.4640120871475486,-1.0788606476148346,-1.128183570710603,-1.1724417191356757,-0.35728928735166426,-0.36002688369676455,-0.7846019255969549,-0.1298113427286933,-0.8769831803950691,-0.7117117886952933,-0.5804821438530717,-0.7229869735179643,,0.9416489757811937,,0.13440483153557148,,-0.8401576028393848,,0.5030981995825076,,-0.2408405169639078,,-0.3742351379731008
2024-12-01,-0.7987374314481693,-0.4646218635256541,0.12690806339438698,-0.5010536929821688,-0.8564113798236551,-1.032444160384489,-1.200363803830376,-0.37461810119964434,-0.3328358254110179,-0.7414811623956399,-0.2355380699069861,-0.8047155684616095,-0.7849622089611916,-0.5464447820002226,-0.6822713951656132,,0.8655893387156978,,0.03289872459411944,,-0.833199570651384,,0.5108052450719801,,-0.25344853872308415,,-0.3701114574593222
2025-01-01,0.06844428452677002,-2.47333294004373,-1.9887010685336681,-0.4441970450572643,-0.7758251745104142,-0.9227929701864909,-1.2207999613787204,-0.5362416396283644,-0.32048347770315727,-0.6858713442543124,-0.2887376872189522,-0.75221175903423,-0.9090634237502181,-0.5107269866185451,-0.6635855279517955,,0.7876935378680117,,-0.06404242596243227,,-0.7935574264217023,,0.5091795372560564,,-0.28475903135891073,,-0.3788776600879895
2025-02-01,0.49557982075547974,-0.7081481144033155,-0.9258429401577623,-0.49321143119809224,-0.706625787010179,-0.7549538191789779,-1.1304566608461541,-0.5520846266621137,-0.3285148095092439,,-0.3617031313878567,,-0.9301591133900127,,-0.6296548595211587,,0.7169875771970389,,-0.12449920929051814,,-0.7730291443275229,,0.5031564554918943,,-0.2782053557731203,,-0.40651708687877225
2025-03-01,0.8463586986141767,-0.49551962814074885,-0.48986593430276953,-0.3747237251025233,-0.593236648641282,-0.698547694931336,-1.1799509747437422,-0.6672018858969605,-0.35761641414348794,,-0.41162014511817735,,-0.968385008596783,,-0.6232370011478056,,0.6406213456253731,,-0.22955915021626064,,-0.7707562086873885,,0.46726412170904147,,-0.13878481430610823,,-0.4555139186727789
2025-04-01,1.0608331358437904,-0.6495718146611612,-0.14116871567506944,-0.35122314149813066,-0.4640120871475486,-0.6000797677205657,-1.128183570710603,-0.730365364297458,-0.35728928735166426,,-0.4436343012303598,,-0.9908761039885571,,-0.5672108112369493,,0.5563493689906813,,-0.29814815370047576,,-0.7486196952072617,,0.5648434865368606,,-0.01422280138078635,,-0.4371730953992058
2025-05-01,-2.4657613083872625,-0.05501024341046765,0.13665273046893722,-0.3429187284678024,-0.5010536929821688,-0.5947290611066928,-1.032444160384489,-0.7432317347886556,-0.37461810119964434,,-0.5824563857940528,,-1.0075160680779625,,-0.5035271334725205,,0.35988820199634414,,-0.34166122485958433,,-0.741026773274735,,0.6362172517647472,,-0.05506524496395509,,-0.528883684523337
2025-06-01,0.37192921140374136,-0.5689003324027001,-1.617716438676872,-0.40410167717644546,-0.4441970450572643,-0.43698941778754324,-0.9227929701864909,-0.7328626803036807,-0.5362416396283644,,-0.5830598521103866,,-1.0172310873898611,,-0.48980594364296026,,0.25272019734399176,,-0.41340864387928034,,-0.7743659471657013,,0.695334589517697,,-0.07701835465140656,,-0.5756506434932784
2025-07-01,-1.857060732691938,0.7924198796558498,-0.09526093126113108,-0.5153313086849701,-0.49321143119809224,-0.3040597142380839,-0.7549538191789779,-0.6886181478260721,-0.5520846266621137,,-0.6500203360845688,,-1.0105230756126997,,-0.4326383353139298,,0.12392564107038957,,-0.46107116317470453,,-0.7998834245035774,,0.7056688874809567,,-0.07758012072347391,,-0.609402455417226
2025-08-01,-0.26144883300300337,-0.4283135732759703,-1.0158515333133722,,-0.3747237251025233,,-0.698547694931336,,-0.6672018858969605,,-0.7055484316754007,,-1.014209858488965,,-0.4815151767049282,,0.019266882612098444,,-0.5107808205187392,,-0.774690618591951,,0.728563957630749,,-0.08322951729037854,,-0.6293474041155874
2025-09-01,-0.7636667537601077,-0.6457078004644464,-1.4594236967390446,,-0.35122314149813066,,-0.6000797677205657,,-0.730365364297458,,-0.7552179851014147,,-0.9886353099295039,,-0.5225451104878839,,-0.06744515575971172,,-0.5637053995644791,,-0.7913039468796659,,0.7091423139823433,,-0.07815167586036716,,-0.655409430209053
2025-10-01,-0.8223546866035029,0.19397249119980325,-1.13869450276143,,-0.3429187284678024,,-0.5947290611066928,,-0.7432317347886556,,-0.7846019255969549,,-0.8769831803950691,,-0.5804821438530717,,-0.14958498023872863,,-0.5875397310600791,,-0.8008829489714993,,0.6930976002486571,,-0.07598468553234518,,-0.6758158490586982
2025-11-01,-0.7233355313673187,0.2588609260220227,-0.18538719608637375,,-0.40410167717644546,,-0.43698941778754324,,-0.7328626803036807,,-0.7414811623956399,,-0.8047155684616095,,-0.5464447820002226,,-0.22124145421127728,,-0.6201376650593765,,-0.7262788757798697,,0.7008400919907145,,-0.08024107735647196,,-0.6707440506897037
2025-12-01,-2.133493009550465,1.1305345790678576,0.65784245312569,,-0.5153313086849701,,-0.3040597142380839,,-0.6886181478260721,,-0.6858713442543124,,-0.75221175903423,,-0.5107269866185451,,-0.3288024828329807,,-0.6246613773868224,,-0.6843869793857662,,0.7031030664959179,,-0.08066352843087395,,-0.6641556607328643
